team,stadium,state,stadium_lat,stadium_lng,hotel_name,hotel_url,hotel_lat,hotel_lng,distance_m,capacity
Arizona Cardinals,State Farm Stadium,Arizona,33.5276291,-112.2651342,Holiday Inn Express & Suites Phoenix Airport by IHG,https://www.google.com/maps/place/Holiday+Inn+Express+%26+Suites+Phoenix+Airport+by+IHG/data=!4m10!3m9!1s0x872b0e5374e9b3ed:0x2859c922a8a1331d!5m2!4m1!1i2!8m2!3d33.416023!4d-112.007295!16s%2Fg%2F1tkq_qvg!19sChIJ7bPpdFMOK4cRHTOhqCLJWSg?authuser=0&hl=zh-CN&rclk=1,33.416023,-112.007295,26943.745570751846,
Arizona Cardinals,State Farm Stadium,Arizona,33.5276291,-112.2651342,Holiday Inn & Suites Phoenix Airport North by IHG,https://www.google.com/maps/place/Holiday+Inn+%26+Suites+Phoenix+Airport+North+by+IHG/data=!4m10!3m9!1s0x872b0c2614cb8c77:0x90e6f3c83f99b6e1!5m2!4m1!1i2!8m2!3d33.464314!4d-111.986546!16s%2Fg%2F11h0r01nj!19sChIJd4zLFCYMK4cR4baZP8jz5pA?authuser=0&hl=zh-CN&rclk=1,33.464314,-111.986546,26775.14364254258,
Arizona Cardinals,State Farm Stadium,Arizona,33.5276291,-112.2651342,Tru by Hilton Phoenix Glendale Westgate,https://www.google.com/maps/place/Tru+by+Hilton+Phoenix+Glendale+Westgate/data=!4m10!3m9!1s0x872b404a323ffe19:0xb0b9999e5fca0edf!5m2!4m1!1i2!8m2!3d33.5313988!4d-112.2658576!16s%2Fg%2F11hm00yycp!19sChIJGf4_MkpAK4cR3w7KX56ZubA?authuser=0&hl=zh-CN&rclk=1,33.5313988,-112.2658576,424.50081314771677,
Arizona Cardinals,State Farm Stadium,Arizona,33.5276291,-112.2651342,汉普顿酒店及套房－凤凰城格伦代尔－梅龙镇,https://www.google.com/maps/place/%E6%B1%89%E6%99%AE%E9%A1%BF%E9%85%92%E5%BA%97%E5%8F%8A%E5%A5%97%E6%88%BF%EF%BC%8D%E5%87%A4%E5%87%B0%E5%9F%8E%E6%A0%BC%E4%BC%A6%E4%BB%A3%E5%B0%94%EF%BC%8D%E6%A2%85%E9%BE%99%E9%95%87/data=!4m10!3m9!1s0x872b404a4a32c021:0x889605f4838e269a!5m2!4m1!1i2!8m2!3d33.5313203!4d-112.2676453!16s%2Fg%2F1tmz7db9!19sChIJIcAySkpAK4cRmiaOg_QFlog?authuser=0&hl=zh-CN&rclk=1,33.5313203,-112.2676453,471.84770313001013,
Arizona Cardinals,State Farm Stadium,Arizona,33.5276291,-112.2651342,Holiday Inn Glendale - Stadium & Ent Dist by IHG,https://www.google.com/maps/place/Holiday+Inn+Glendale+-+Stadium+%26+Ent+Dist+by+IHG/data=!4m10!3m9!1s0x872b4191a031a2d3:0x7d899710c0561d3b!5m2!4m1!1i2!8m2!3d33.525843!4d-112.27183!16s%2Fg%2F11qql54hdt!19sChIJ06IxoJFBK4cROx1WwBCXiX0?authuser=0&hl=zh-CN&rclk=1,33.525843,-112.27183,651.6699029195827,
Arizona Cardinals,State Farm Stadium,Arizona,33.5276291,-112.2651342,凤凰城格伦代尔Spa万丽酒店,https://www.google.com/maps/place/%E5%87%A4%E5%87%B0%E5%9F%8E%E6%A0%BC%E4%BC%A6%E4%BB%A3%E5%B0%94Spa%E4%B8%87%E4%B8%BD%E9%85%92%E5%BA%97/data=!4m10!3m9!1s0x872b404a696283e9:0x1bbe280675f07027!5m2!4m1!1i2!8m2!3d33.5325139!4d-112.263409!16s%2Fg%2F1vn_zf35!19sChIJ6YNiaUpAK4cRJ3DwdQYovhs?authuser=0&hl=zh-CN&rclk=1,33.5325139,-112.263409,566.2154388308605,
Arizona Cardinals,State Farm Stadium,Arizona,33.5276291,-112.2651342,Home2 Suites By Hilton Glendale Westgate,https://www.google.com/maps/place/Home2+Suites+By+Hilton+Glendale+Westgate/data=!4m10!3m9!1s0x872b404a322ec73f:0x38fde907e8242cb3!5m2!4m1!1i2!8m2!3d33.531382!4d-112.2665907!16s%2Fg%2F11dxdg0ht9!19sChIJP8cuMkpAK4cRsywk6Afp_Tg?authuser=0&hl=zh-CN&rclk=1,33.531382,-112.2665907,438.5987393759571,
Atlanta Falcons,Mercedes-Benz Stadium,Georgia,33.7553276,-84.4031654,Signia by Hilton Atlanta Georgia World Congress Center,https://www.google.com/maps/place/Signia+by+Hilton+Atlanta+Georgia+World+Congress+Center/data=!4m10!3m9!1s0x88f5037e025cc129:0xa04069b92cd55810!5m2!4m1!1i2!8m2!3d33.758968!4d-84.401052!16s%2Fg%2F11txjd0dr4!19sChIJKcFcAn4D9YgREFjVLLlpQKA?authuser=0&hl=zh-CN&rclk=1,33.758968,-84.401052,449.47854632583267,
Atlanta Falcons,Mercedes-Benz Stadium,Georgia,33.7553276,-84.4031654,Holiday Inn Express & Suites Atlanta Downtown by IHG,https://www.google.com/maps/place/Holiday+Inn+Express+%26+Suites+Atlanta+Downtown+by+IHG/data=!4m10!3m9!1s0x88f503875ccdfde1:0x5dca864ab21f802!5m2!4m1!1i2!8m2!3d33.75789!4d-84.389892!16s%2Fg%2F1tczwsgy!19sChIJ4f3NXIcD9YgRAvghq2So3AU?authuser=0&hl=zh-CN&rclk=1,33.75789,-84.389892,1259.7451688796514,
Atlanta Falcons,Mercedes-Benz Stadium,Georgia,33.7553276,-84.4031654,希尔顿亚特兰大,https://www.google.com/maps/place/%E5%B8%8C%E5%B0%94%E9%A1%BF%E4%BA%9A%E7%89%B9%E5%85%B0%E5%A4%A7/data=!4m10!3m9!1s0x88f504770c2ef2ff:0x9592238ffb29be97!5m2!4m1!1i2!8m2!3d33.7615008!4d-84.3836006!16s%2Fm%2F0wfgsck!19sChIJ__IuDHcE9YgRl74p-48jkpU?authuser=0&hl=zh-CN&rclk=1,33.7615008,-84.3836006,1934.565513308529,
Atlanta Falcons,Mercedes-Benz Stadium,Georgia,33.7553276,-84.4031654,REVERB Downtown Atlanta,https://www.google.com/maps/place/REVERB+Downtown+Atlanta/data=!4m10!3m9!1s0x88f50316d8555a21:0x9c9ee79e00631820!5m2!4m1!1i2!8m2!3d33.7535846!4d-84.3990786!16s%2Fg%2F11j8rz8v6p!19sChIJIVpV2BYD9YgRIBhjAJ7nnpw?authuser=0&hl=zh-CN&rclk=1,33.7535846,-84.3990786,424.63641694968413,
Atlanta Falcons,Mercedes-Benz Stadium,Georgia,33.7553276,-84.4031654,亚特兰大市区希尔顿花园旅馆,https://www.google.com/maps/place/%E4%BA%9A%E7%89%B9%E5%85%B0%E5%A4%A7%E5%B8%82%E5%8C%BA%E5%B8%8C%E5%B0%94%E9%A1%BF%E8%8A%B1%E5%9B%AD%E6%97%85%E9%A6%86/data=!4m10!3m9!1s0x88f5047e2d14e639:0x9ce6291f68e81833!5m2!4m1!1i2!8m2!3d33.7619011!4d-84.3957764!16s%2Fg%2F1tff3wlb!19sChIJOeYULX4E9YgRMxjoaB8p5pw?authuser=0&hl=zh-CN&rclk=1,33.7619011,-84.3957764,1000.4375290955599,
Atlanta Falcons,Mercedes-Benz Stadium,Georgia,33.7553276,-84.4031654,亚特兰大市中心希尔顿欣庭套房酒店,https://www.google.com/maps/place/%E4%BA%9A%E7%89%B9%E5%85%B0%E5%A4%A7%E5%B8%82%E4%B8%AD%E5%BF%83%E5%B8%8C%E5%B0%94%E9%A1%BF%E6%AC%A3%E5%BA%AD%E5%A5%97%E6%88%BF%E9%85%92%E5%BA%97/data=!4m10!3m9!1s0x88f5038734db5035:0xdcc9b4dfaf384d37!5m2!4m1!1i2!8m2!3d33.7569777!4d-84.3911353!16s%2Fg%2F11cnbffbyp!19sChIJNVDbNIcD9YgRN004r9-0ydw?authuser=0&hl=zh-CN&rclk=1,33.7569777,-84.3911353,1127.1992112482048,
Atlanta Falcons,Mercedes-Benz Stadium,Georgia,33.7553276,-84.4031654,欧尼亚特兰大酒店@美国有线电视新闻网中心,https://www.google.com/maps/place/%E6%AC%A7%E5%B0%BC%E4%BA%9A%E7%89%B9%E5%85%B0%E5%A4%A7%E9%85%92%E5%BA%97@%E7%BE%8E%E5%9B%BD%E6%9C%89%E7%BA%BF%E7%94%B5%E8%A7%86%E6%96%B0%E9%97%BB%E7%BD%91%E4%B8%AD%E5%BF%83/data=!4m10!3m9!1s0x88f50380633ff777:0xa22ac71390f711d3!5m2!4m1!1i2!8m2!3d33.7583402!4d-84.3942979!16s%2Fm%2F0wfhj_k!19sChIJd_c_Y4AD9YgR0xH3kBPHKqI?authuser=0&hl=zh-CN&rclk=1,33.7583402,-84.3942979,885.5826705252471,
Buffalo Bills,Highmark Stadium,New York,42.7737585,-78.7895472,"The Valley Inn, an Ascend Collection Hotel","https://www.google.com/maps/place/The+Valley+Inn,+an+Ascend+Collection+Hotel/data=!4m10!3m9!1s0x4cb37ac07adf6fb9:0x69a6f22470f2ee97!5m2!4m1!1i2!8m2!3d43.94823!4d-71.50766!16s%2Fg%2F1td5fqk9!19sChIJuW_fesB6s0wRl-7ycCTypmk?authuser=0&hl=zh-CN&rclk=1",43.94823,-71.50766,602784.7546609851,
Buffalo Bills,Highmark Stadium,New York,42.7737585,-78.7895472,康福特因,https://www.google.com/maps/place/%E5%BA%B7%E7%A6%8F%E7%89%B9%E5%9B%A0/data=!4m10!3m9!1s0x4cb35b2d51acf433:0x94a202790619c015!5m2!4m1!1i2!8m2!3d43.700533!4d-71.646082!16s%2Fg%2F1tlqpldm!19sChIJM_SsUS1bs0wRFcAZBnkCopQ?authuser=0&hl=zh-CN&rclk=1,43.700533,-71.646082,587587.9363781085,
Buffalo Bills,Highmark Stadium,New York,42.7737585,-78.7895472,雷德卡尔皮特因,https://www.google.com/maps/place/%E9%9B%B7%E5%BE%B7%E5%8D%A1%E5%B0%94%E7%9A%AE%E7%89%B9%E5%9B%A0/data=!4m10!3m9!1s0x89d3057f9dca1571:0xa8bc37ef8eb695e4!5m2!4m1!1i2!8m2!3d42.77676!4d-78.7938962!16s%2Fg%2F1tdcsj00!19sChIJcRXKnX8F04kR5JW2ju83vKg?authuser=0&hl=zh-CN&rclk=1,42.77676,-78.7938962,487.22629745112647,
Buffalo Bills,Highmark Stadium,New York,42.7737585,-78.7895472,Holiday Inn Express & Suites Hamburg,https://www.google.com/maps/place/Holiday+Inn+Express+%26+Suites+Hamburg/data=!4m10!3m9!1s0x89d31b25e5c44773:0x132b55f65782a44a!5m2!4m1!1i2!8m2!3d42.7397155!4d-78.8515701!16s%2Fg%2F1tg_h0qt!19sChIJc0fE5SUb04kRSqSCV_ZVKxM?authuser=0&hl=zh-CN&rclk=1,42.7397155,-78.8515701,6322.29405613803,
Buffalo Bills,Highmark Stadium,New York,42.7737585,-78.7895472,Econo Lodge Buffalo South,https://www.google.com/maps/place/Econo+Lodge+Buffalo+South/data=!4m10!3m9!1s0x89d30fed81e40c93:0xdbfc4ef3bb296a3!5m2!4m1!1i2!8m2!3d42.7901265!4d-78.8180453!16s%2Fg%2F1tdkc15d!19sChIJkwzkge0P04kRo5ayO-_Evw0?authuser=0&hl=zh-CN&rclk=1,42.7901265,-78.8180453,2953.247696601313,
Buffalo Bills,Highmark Stadium,New York,42.7737585,-78.7895472,"Country Inn & Suites by Radisson, Buffalo South I-90, NY","https://www.google.com/maps/place/Country+Inn+%26+Suites+by+Radisson,+Buffalo+South+I-90,+NY/data=!4m10!3m9!1s0x89d30ef6c2d864bf:0x96efffd99cd01e27!5m2!4m1!1i2!8m2!3d42.8324824!4d-78.7907695!16s%2Fg%2F11g__2b4v!19sChIJv2TYwvYO04kRJx7QnNn_75Y?authuser=0&hl=zh-CN&rclk=1",42.8324824,-78.7907695,6530.561128182614,
Buffalo Bills,Highmark Stadium,New York,42.7737585,-78.7895472,Hampton Inn Hamburg,https://www.google.com/maps/place/Hampton+Inn+Hamburg/data=!4m10!3m9!1s0x89d31b2e8dc87973:0xabeb1f2adfd76f2!5m2!4m1!1i2!8m2!3d42.7389477!4d-78.8457924!16s%2Fg%2F11dfgs_6wp!19sChIJc3nIjS4b04kR8nb9rfKxvgo?authuser=0&hl=zh-CN&rclk=1,42.7389477,-78.8457924,6005.871207975106,
Carolina Panthers,Bank of America Stadium,North Carolina,35.2258333,-80.8554164,Hampton Inn & Suites Charlotte Airport Lake Pointe,https://www.google.com/maps/place/Hampton+Inn+%26+Suites+Charlotte+Airport+Lake+Pointe/data=!4m10!3m9!1s0x885698c40f86d041:0xc4d36a086dd9b6ae!5m2!4m1!1i2!8m2!3d35.196304!4d-80.914701!16s%2Fg%2F11j4f_x3jk!19sChIJQdCGD8SYVogRrrbZbQhq08Q?authuser=0&hl=zh-CN&rclk=1,35.196304,-80.914701,6307.969036044458,
Carolina Panthers,Bank of America Stadium,North Carolina,35.2258333,-80.8554164,夏洛特机场希尔顿花园酒店,https://www.google.com/maps/place/%E5%A4%8F%E6%B4%9B%E7%89%B9%E6%9C%BA%E5%9C%BA%E5%B8%8C%E5%B0%94%E9%A1%BF%E8%8A%B1%E5%9B%AD%E9%85%92%E5%BA%97/data=!4m10!3m9!1s0x885698c1178bf739:0x415c0168b5da0e0b!5m2!4m1!1i2!8m2!3d35.199175!4d-80.916731!16s%2Fg%2F1ygvszyp_!19sChIJOfeLF8GYVogRCw7atWgBXEE?authuser=0&hl=zh-CN&rclk=1,35.199175,-80.916731,6309.950699840911,
Carolina Panthers,Bank of America Stadium,North Carolina,35.2258333,-80.8554164,Residence Inn by Marriott Charlotte Uptown,https://www.google.com/maps/place/Residence+Inn+by+Marriott+Charlotte+Uptown/data=!4m10!3m9!1s0x8856a02c2fd27f3b:0xb8b36b7285d5f7d!5m2!4m1!1i2!8m2!3d35.2271093!4d-80.8495367!16s%2Fg%2F1td5442n!19sChIJO3_SLyygVogRfV9dKLc2iws?authuser=0&hl=zh-CN&rclk=1,35.2271093,-80.8495367,552.595038991165,
Carolina Panthers,Bank of America Stadium,North Carolina,35.2258333,-80.8554164,海厄特普莱斯夏洛特唐敦,https://www.google.com/maps/place/%E6%B5%B7%E5%8E%84%E7%89%B9%E6%99%AE%E8%8E%B1%E6%96%AF%E5%A4%8F%E6%B4%9B%E7%89%B9%E5%94%90%E6%95%A6/data=!4m10!3m9!1s0x8856a0265cfdb487:0x989643c53213e95f!5m2!4m1!1i2!8m2!3d35.2223825!4d-80.8413586!16s%2Fg%2F1q662r0l0!19sChIJh7T9XCagVogRX-kTMsVDlpg?authuser=0&hl=zh-CN&rclk=1,35.2223825,-80.8413586,1333.3510040755673,
Carolina Panthers,Bank of America Stadium,North Carolina,35.2258333,-80.8554164,希尔顿加登因夏洛特阿普敦,https://www.google.com/maps/place/%E5%B8%8C%E5%B0%94%E9%A1%BF%E5%8A%A0%E7%99%BB%E5%9B%A0%E5%A4%8F%E6%B4%9B%E7%89%B9%E9%98%BF%E6%99%AE%E6%95%A6/data=!4m10!3m9!1s0x8856a027d06deb59:0x994d1c797ce9ff1a!5m2!4m1!1i2!8m2!3d35.2206674!4d-80.8429357!16s%2Fg%2F1tdy553z!19sChIJWett0CegVogRGv_pfHkcTZk?authuser=0&hl=zh-CN&rclk=1,35.2206674,-80.8429357,1270.9205155747181,
Carolina Panthers,Bank of America Stadium,North Carolina,35.2258333,-80.8554164,夏洛特威斯汀酒店,https://www.google.com/maps/place/%E5%A4%8F%E6%B4%9B%E7%89%B9%E5%A8%81%E6%96%AF%E6%B1%80%E9%85%92%E5%BA%97/data=!4m10!3m9!1s0x8856a029a1e91681:0xd4cb6edd5bb81f58!5m2!4m1!1i2!8m2!3d35.2221036!4d-80.8472698!16s%2Fm%2F03y96w6!19sChIJgRbpoSmgVogRWB-4W91uy9Q?authuser=0&hl=zh-CN&rclk=1,35.2221036,-80.8472698,848.2906517610356,
Carolina Panthers,Bank of America Stadium,North Carolina,35.2258333,-80.8554164,Courtyard by Marriott Charlotte City Center,https://www.google.com/maps/place/Courtyard+by+Marriott+Charlotte+City+Center/data=!4m10!3m9!1s0x8856a02f3fb39a05:0xf125e60696ac6fa6!5m2!4m1!1i2!8m2!3d35.225625!4d-80.8450295!16s%2Fg%2F1wk6_gv6!19sChIJBZqzPy-gVogRpm-slgbmJfE?authuser=0&hl=zh-CN&rclk=1,35.225625,-80.8450295,943.7635215832611,
Chicago Bears,Soldier Field,Illinois,41.8623172,-87.6192633,芝加哥玛特广场北河假日酒店,https://www.google.com/maps/place/%E8%8A%9D%E5%8A%A0%E5%93%A5%E7%8E%9B%E7%89%B9%E5%B9%BF%E5%9C%BA%E5%8C%97%E6%B2%B3%E5%81%87%E6%97%A5%E9%85%92%E5%BA%97/data=!4m10!3m9!1s0x880e2cb633b37973:0x3936cc667d8556f!5m2!4m1!1i2!8m2!3d41.8882!4d-87.6376!16s%2Fg%2F1jkyjgm9j!19sChIJc3mzM7YsDogRb1XYZ8ZskwM?authuser=0&hl=zh-CN&rclk=1,41.8882,-87.6376,3253.9243707846795,
Chicago Bears,Soldier Field,Illinois,41.8623172,-87.6192633,Embassy Suites by Hilton Chicago Downtown River North,https://www.google.com/maps/place/Embassy+Suites+by+Hilton+Chicago+Downtown+River+North/data=!4m10!3m9!1s0x880e2cad7f0fe799:0xfa7b58f86a05588!5m2!4m1!1i2!8m2!3d41.892871!4d-87.628319!16s%2Fg%2F1tgb7yky!19sChIJmecPf60sDogRiFWgho-1pw8?authuser=0&hl=zh-CN&rclk=1,41.892871,-87.628319,3479.1712763408436,
Chicago Bears,Soldier Field,Illinois,41.8623172,-87.6192633,贝斯特韦斯特格兰特公园酒店,https://www.google.com/maps/place/%E8%B4%9D%E6%96%AF%E7%89%B9%E9%9F%A6%E6%96%AF%E7%89%B9%E6%A0%BC%E5%85%B0%E7%89%B9%E5%85%AC%E5%9B%AD%E9%85%92%E5%BA%97/data=!4m10!3m9!1s0x880e2c9b94cd8859:0x936a89b93b69fe18!5m2!4m1!1i2!8m2!3d41.8690914!4d-87.6246813!16s%2Fg%2F1td8zq4g!19sChIJWYjNlJssDogRGP5pO7mJapM?authuser=0&hl=zh-CN&rclk=1,41.8690914,-87.6246813,876.7475660719575,
Chicago Bears,Soldier Field,Illinois,41.8623172,-87.6192633,Hilton Garden Inn Chicago Downtown South Loop,https://www.google.com/maps/place/Hilton+Garden+Inn+Chicago+Downtown+South+Loop/data=!4m10!3m9!1s0x880e2d4fd078a447:0xf4ce29df7aca69d3!5m2!4m1!1i2!8m2!3d41.8690941!4d-87.62566!16s%2Fg%2F11h38ywtxg!19sChIJR6R40E8tDogR02nKet8pzvQ?authuser=0&hl=zh-CN&rclk=1,41.8690941,-87.62566,921.1018309831205,
Chicago Bears,Soldier Field,Illinois,41.8623172,-87.6192633,The Congress Plaza Hotel & Convention Center,https://www.google.com/maps/place/The+Congress+Plaza+Hotel+%26+Convention+Center/data=!4m10!3m9!1s0x880e2ca201339ba9:0xb85fc65faea623c2!5m2!4m1!1i2!8m2!3d41.8751616!4d-87.6246539!16s%2Fm%2F0h538ct!19sChIJqZszAaIsDogRwiOmrl_GX7g?authuser=0&hl=zh-CN&rclk=1,41.8751616,-87.6246539,1496.358226922869,
Chicago Bears,Soldier Field,Illinois,41.8623172,-87.6192633,Sentral Michigan Avenue Chicago Hotel,https://www.google.com/maps/place/Sentral+Michigan+Avenue+Chicago+Hotel/data=!4m10!3m9!1s0x880e2d8d88edc3c9:0x601f5070f03e0b4d!5m2!4m1!1i2!8m2!3d41.8715426!4d-87.6244375!16s%2Fg%2F11yk5vr8ft!19sChIJycPtiI0tDogRTQs-8HBQH2A?authuser=0&hl=zh-CN&rclk=1,41.8715426,-87.6244375,1111.7003680891296,
Chicago Bears,Soldier Field,Illinois,41.8623172,-87.6192633,Homewood Suites by Hilton Chicago Downtown South Loop,https://www.google.com/maps/place/Homewood+Suites+by+Hilton+Chicago+Downtown+South+Loop/data=!4m10!3m9!1s0x880e2da9ffc0cf6b:0x979927d2db144c97!5m2!4m1!1i2!8m2!3d41.8691541!4d-87.6256129!16s%2Fg%2F11g_rmc65b!19sChIJa8_A_6ktDogRl0wU29InmZc?authuser=0&hl=zh-CN&rclk=1,41.8691541,-87.6256129,924.3436188041145,
Cincinnati Bengals,Paycor Stadium,Ohio,39.0954617,-84.5186326,辛辛那提希尔顿古玩精选酒店,https://www.google.com/maps/place/%E8%BE%9B%E8%BE%9B%E9%82%A3%E6%8F%90%E5%B8%8C%E5%B0%94%E9%A1%BF%E5%8F%A4%E7%8E%A9%E7%B2%BE%E9%80%89%E9%85%92%E5%BA%97/data=!4m10!3m9!1s0x8841b150db639c75:0x3b95d7cf9a5c28a3!5m2!4m1!1i2!8m2!3d39.102585!4d-84.51381!16s%2Fm%2F02w1246!19sChIJdZxj21CxQYgRoyhcms_XlTs?authuser=0&hl=zh-CN&rclk=1,39.102585,-84.51381,894.7465219273262,
Cincinnati Bengals,Paycor Stadium,Ohio,39.0954617,-84.5186326,Holiday Inn Express & Suites - Cincinnati South - Wilder,https://www.google.com/maps/place/Holiday+Inn+Express+%26+Suites+-+Cincinnati+South+-+Wilder/data=!4m10!3m9!1s0x8841b07fcd8899ab:0xf106206c1ebe88e2!5m2!4m1!1i2!8m2!3d39.026408!4d-84.47959!16s%2Fg%2F11gb3p5hrm!19sChIJq5mIzX-wQYgR4oi-HmwgBvE?authuser=0&hl=zh-CN&rclk=1,39.026408,-84.47959,8385.787216978155,
Cincinnati Bengals,Paycor Stadium,Ohio,39.0954617,-84.5186326,辛辛那提荷兰广场希尔顿酒店,https://www.google.com/maps/place/%E8%BE%9B%E8%BE%9B%E9%82%A3%E6%8F%90%E8%8D%B7%E5%85%B0%E5%B9%BF%E5%9C%BA%E5%B8%8C%E5%B0%94%E9%A1%BF%E9%85%92%E5%BA%97/data=!4m10!3m9!1s0x8841b150f8c89be3:0x57adb6d0d0e8357e!5m2!4m1!1i2!8m2!3d39.1007963!4d-84.5139009!16s%2Fg%2F1q54w6w90!19sChIJ45vI-FCxQYgRfjXo0NC2rVc?authuser=0&hl=zh-CN&rclk=1,39.1007963,-84.5139009,720.1311286769821,
Cincinnati Bengals,Paycor Stadium,Ohio,39.0954617,-84.5186326,The Westin Cincinnati,https://www.google.com/maps/place/The+Westin+Cincinnati/data=!4m10!3m9!1s0x8841b15089ec0f35:0x92056bab1d9cd08e!5m2!4m1!1i2!8m2!3d39.10101!4d-84.5121166!16s%2Fg%2F1thghqdv!19sChIJNQ_siVCxQYgRjtCcHatrBZI?authuser=0&hl=zh-CN&rclk=1,39.10101,-84.5121166,834.7422720717922,
Cincinnati Bengals,Paycor Stadium,Ohio,39.0954617,-84.5186326,辛辛那提希尔顿古玩精选酒店,https://www.google.com/maps/place/%E8%BE%9B%E8%BE%9B%E9%82%A3%E6%8F%90%E5%B8%8C%E5%B0%94%E9%A1%BF%E5%8F%A4%E7%8E%A9%E7%B2%BE%E9%80%89%E9%85%92%E5%BA%97/data=!4m10!3m9!1s0x8841b1e76a64ed11:0x3b95d7cf9a5c28a3!5m2!4m1!1i2!8m2!3d39.1025854!4d-84.5138104!16s%2Fm%2F02w1246!19sChIJEe1kauexQYgRoyhcms_XlTs?authuser=0&hl=zh-CN&rclk=1,39.1025854,-84.5138104,894.7698424268666,
Cincinnati Bengals,Paycor Stadium,Ohio,39.0954617,-84.5186326,海厄特里真西辛辛那提,https://www.google.com/maps/place/%E6%B5%B7%E5%8E%84%E7%89%B9%E9%87%8C%E7%9C%9F%E8%A5%BF%E8%BE%9B%E8%BE%9B%E9%82%A3%E6%8F%90/data=!4m10!3m9!1s0x8841b1519f3ce50f:0x86fb8e148252757!5m2!4m1!1i2!8m2!3d39.1003591!4d-84.5156372!16s%2Fg%2F1tfry4vf!19sChIJD-U8n1GxQYgRVyclSOG4bwg?authuser=0&hl=zh-CN&rclk=1,39.1003591,-84.5156372,602.8003016712227,
Cincinnati Bengals,Paycor Stadium,Ohio,39.0954617,-84.5186326,AC Hotel Cincinnati at The Banks,https://www.google.com/maps/place/AC+Hotel+Cincinnati+at+The+Banks/data=!4m10!3m9!1s0x8841b144d9434bff:0x989bf94897f8f15f!5m2!4m1!1i2!8m2!3d39.0968633!4d-84.5087034!16s%2Fg%2F11g8w84t90!19sChIJ_0tD2USxQYgRX_H4l0j5m5g?authuser=0&hl=zh-CN&rclk=1,39.0968633,-84.5087034,870.9195554610983,
Cleveland Browns,Huntington Bank Field,Ohio,41.5060575,-81.702123,希尔顿克里夫兰唐敦,https://www.google.com/maps/place/%E5%B8%8C%E5%B0%94%E9%A1%BF%E5%85%8B%E9%87%8C%E5%A4%AB%E5%85%B0%E5%94%90%E6%95%A6/data=!4m10!3m9!1s0x8830f080dbcd7de7:0x83629bb1792d09aa!5m2!4m1!1i2!8m2!3d41.502682!4d-81.695766!16s%2Fg%2F11bvv3ymdc!19sChIJ533N24DwMIgRqgktebGbYoM?authuser=0&hl=zh-CN&rclk=1,41.502682,-81.695766,648.9357639605787,
Cleveland Browns,Huntington Bank Field,Ohio,41.5060575,-81.702123,克利夫兰洲际酒店,https://www.google.com/maps/place/%E5%85%8B%E5%88%A9%E5%A4%AB%E5%85%B0%E6%B4%B2%E9%99%85%E9%85%92%E5%BA%97/data=!4m10!3m9!1s0x8830fb9bdaf27d13:0xe1888d909f785291!5m2!4m1!1i2!8m2!3d41.501731!4d-81.619394!16s%2Fg%2F1tfx5jvz!19sChIJE33y2pv7MIgRkVJ4n5CNiOE?authuser=0&hl=zh-CN&rclk=1,41.501731,-81.619394,6906.039781116357,
Cleveland Browns,Huntington Bank Field,Ohio,41.5060575,-81.702123,希尔顿克里夫兰唐敦,https://www.google.com/maps/place/%E5%B8%8C%E5%B0%94%E9%A1%BF%E5%85%8B%E9%87%8C%E5%A4%AB%E5%85%B0%E5%94%90%E6%95%A6/data=!4m10!3m9!1s0x8830f080d93260f5:0x83629bb1792d09aa!5m2!4m1!1i2!8m2!3d41.502682!4d-81.6957662!16s%2Fg%2F11bvv3ymdc!19sChIJ9WAy2YDwMIgRqgktebGbYoM?authuser=0&hl=zh-CN&rclk=1,41.502682,-81.6957662,648.9221776417113,
Cleveland Browns,Huntington Bank Field,Ohio,41.5060575,-81.702123,克利夫兰/市区湖畔希尔顿逸林酒店,https://www.google.com/maps/place/%E5%85%8B%E5%88%A9%E5%A4%AB%E5%85%B0%2F%E5%B8%82%E5%8C%BA%E6%B9%96%E7%95%94%E5%B8%8C%E5%B0%94%E9%A1%BF%E9%80%B8%E6%9E%97%E9%85%92%E5%BA%97/data=!4m10!3m9!1s0x8830fa78eb0a2493:0x84f70f704c216bdd!5m2!4m1!1i2!8m2!3d41.5069642!4d-81.6900875!16s%2Fg%2F11bw51c2m_!19sChIJkyQK63j6MIgR3WshTHAP94Q?authuser=0&hl=zh-CN&rclk=1,41.5069642,-81.6900875,1007.274957854312,
Cleveland Browns,Huntington Bank Field,Ohio,41.5060575,-81.702123,克利夫兰市中心雅乐轩酒店,https://www.google.com/maps/place/%E5%85%8B%E5%88%A9%E5%A4%AB%E5%85%B0%E5%B8%82%E4%B8%AD%E5%BF%83%E9%9B%85%E4%B9%90%E8%BD%A9%E9%85%92%E5%BA%97/data=!4m10!3m9!1s0x8830f0629ab55ff9:0xacc33426e610d908!5m2!4m1!1i2!8m2!3d41.5004319!4d-81.70409!16s%2Fg%2F1hf1k7t2t!19sChIJ-V-1mmLwMIgRCNkQ5iY0w6w?authuser=0&hl=zh-CN&rclk=1,41.5004319,-81.70409,646.6294663391359,
Cleveland Browns,Huntington Bank Field,Ohio,41.5060575,-81.702123,"Hotel Cleveland, Autograph Collection","https://www.google.com/maps/place/Hotel+Cleveland,+Autograph+Collection/data=!4m10!3m9!1s0x8830f16877f47b87:0xf622b8f2e65eae08!5m2!4m1!1i2!8m2!3d41.4989068!4d-81.6947751!16s%2Fg%2F11l35mj75p!19sChIJh3v0d2jxMIgRCK5e5vK4IvY?authuser=0&hl=zh-CN&rclk=1",41.4989068,-81.6947751,1003.32069276464,
Cleveland Browns,Huntington Bank Field,Ohio,41.5060575,-81.702123,Drury Plaza Hotel Cleveland Downtown,https://www.google.com/maps/place/Drury+Plaza+Hotel+Cleveland+Downtown/data=!4m10!3m9!1s0x8830f080306bd5cf:0x59235510af478753!5m2!4m1!1i2!8m2!3d41.5022819!4d-81.6918905!16s%2Fg%2F11cm_htj0t!19sChIJz9VrMIDwMIgRU4dHrxBVI1k?authuser=0&hl=zh-CN&rclk=1,41.5022819,-81.6918905,949.9179437281216,
Dallas Cowboys,AT&T Stadium,Texas,32.7480011,-97.0959914,Holiday Inn Express & Suites Arlington (I-20-Parks Mall) by IHG,https://www.google.com/maps/place/Holiday+Inn+Express+%26+Suites+Arlington+%28I-20-Parks+Mall%29+by+IHG/data=!4m10!3m9!1s0x864e6320b6e8d367:0x3b91839dd666477b!5m2!4m1!1i2!8m2!3d32.678428!4d-97.137052!16s%2Fg%2F1tcylfsp!19sChIJZ9PotiBjToYRe0dm1p2DkTs?authuser=0&hl=zh-CN&rclk=1,32.678428,-97.137052,8637.468310159085,
Dallas Cowboys,AT&T Stadium,Texas,32.7480011,-97.0959914,Comfort Suites Arlington - Entertainment District,https://www.google.com/maps/place/Comfort+Suites+Arlington+-+Entertainment+District/data=!4m10!3m9!1s0x864e7d96a3e7e047:0xb4b5f4ff36ae14aa!5m2!4m1!1i2!8m2!3d32.758686!4d-97.11011!16s%2Fg%2F1tj585dl!19sChIJR-Dno5Z9ToYRqhSuNv_0tbQ?authuser=0&hl=zh-CN&rclk=1,32.758686,-97.11011,1776.1813609886772,
Dallas Cowboys,AT&T Stadium,Texas,32.7480011,-97.0959914,Courtyard by Marriott Dallas Arlington/Entertainment District,https://www.google.com/maps/place/Courtyard+by+Marriott+Dallas+Arlington%2FEntertainment+District/data=!4m10!3m9!1s0x864e876399a66833:0x7a2d1cfb1c91f45f!5m2!4m1!1i2!8m2!3d32.757599!4d-97.0889473!16s%2Fg%2F1wbry5qq!19sChIJM2immWOHToYRX_SRHPscLXo?authuser=0&hl=zh-CN&rclk=1,32.757599,-97.0889473,1254.166160456821,
Dallas Cowboys,AT&T Stadium,Texas,32.7480011,-97.0959914,"Live! by Loews - Arlington, Texas","https://www.google.com/maps/place/Live!+by+Loews+-+Arlington,+Texas/data=!4m10!3m9!1s0x864e877bf1123c33:0x7fba130f4fe85594!5m2!4m1!1i2!8m2!3d32.7495004!4d-97.0857001!16s%2Fg%2F11g_rmbyd3!19sChIJMzwS8XuHToYRlFXoTw8Tun8?authuser=0&hl=zh-CN&rclk=1",32.7495004,-97.0857001,976.780740736028,
Dallas Cowboys,AT&T Stadium,Texas,32.7480011,-97.0959914,"Motel 6 Arlington, TX – Entertainment District","https://www.google.com/maps/place/Motel+6+Arlington,+TX+%E2%80%93+Entertainment+District/data=!4m10!3m9!1s0x864e7d44859ae619:0x9aa412ab5b58808!5m2!4m1!1i2!8m2!3d32.7487575!4d-97.0979571!16s%2Fg%2F11jt5t4t_v!19sChIJGeaahUR9ToYRCIi1tSpBqgk?authuser=0&hl=zh-CN&rclk=1",32.7487575,-97.0979571,202.16115739584708,
Dallas Cowboys,AT&T Stadium,Texas,32.7480011,-97.0959914,阿林顿东北部假日酒店,https://www.google.com/maps/place/%E9%98%BF%E6%9E%97%E9%A1%BF%E4%B8%9C%E5%8C%97%E9%83%A8%E5%81%87%E6%97%A5%E9%85%92%E5%BA%97/data=!4m10!3m9!1s0x864e87618a2d03c9:0x776a3864340a52b2!5m2!4m1!1i2!8m2!3d32.7613754!4d-97.0921411!16s%2Fg%2F1tdcb6gl!19sChIJyQMtimGHToYRslIKNGQ4anc?authuser=0&hl=zh-CN&rclk=1,32.7613754,-97.0921411,1530.1208810165326,
Dallas Cowboys,AT&T Stadium,Texas,32.7480011,-97.0959914,达拉斯阿灵顿希尔顿花园酒店,https://www.google.com/maps/place/%E8%BE%BE%E6%8B%89%E6%96%AF%E9%98%BF%E7%81%B5%E9%A1%BF%E5%B8%8C%E5%B0%94%E9%A1%BF%E8%8A%B1%E5%9B%AD%E9%85%92%E5%BA%97/data=!4m10!3m9!1s0x864e871350e01345:0x50a7ec314f70af55!5m2!4m1!1i2!8m2!3d32.7605297!4d-97.0717245!16s%2Fg%2F1tfctmr0!19sChIJRRPgUBOHToYRVa9wTzHsp1A?authuser=0&hl=zh-CN&rclk=1,32.7605297,-97.0717245,2662.810704489757,
Detroit Lions,Ford Field,Michigan,42.3400103,-83.0481779,底特律市区希尔顿花园旅馆,https://www.google.com/maps/place/%E5%BA%95%E7%89%B9%E5%BE%8B%E5%B8%82%E5%8C%BA%E5%B8%8C%E5%B0%94%E9%A1%BF%E8%8A%B1%E5%9B%AD%E6%97%85%E9%A6%86/data=!4m10!3m9!1s0x883b2d2ddb2bd831:0x5a107c0e75154fe0!5m2!4m1!1i2!8m2!3d42.335915!4d-83.045045!16s%2Fg%2F1whdk06_!19sChIJMdgr2y0tO4gR4E8VdQ58EFo?authuser=0&hl=zh-CN&rclk=1,42.335915,-83.045045,523.1408505493637,
Detroit Lions,Ford Field,Michigan,42.3400103,-83.0481779,Hotel Indigo Detroit Downtown by IHG,https://www.google.com/maps/place/Hotel+Indigo+Detroit+Downtown+by+IHG/data=!4m10!3m9!1s0x883b2d3090acff21:0xf3c4124721bee2c6!5m2!4m1!1i2!8m2!3d42.331396!4d-83.050559!16s%2Fg%2F1ydp2p8ln!19sChIJIf-skDAtO4gRxuK-IUcSxPM?authuser=0&hl=zh-CN&rclk=1,42.331396,-83.050559,977.6572962909866,
Detroit Lions,Ford Field,Michigan,42.3400103,-83.0481779,Atheneum Suite Hotel,https://www.google.com/maps/place/Atheneum+Suite+Hotel/data=!4m10!3m9!1s0x883b2d2ebf9c0e25:0x918bc8ef4749ccc6!5m2!4m1!1i2!8m2!3d42.3339748!4d-83.0429434!16s%2Fm%2F0hr7f7c!19sChIJJQ6cvy4tO4gRxsxJR-_Ii5E?authuser=0&hl=zh-CN&rclk=1,42.3339748,-83.0429434,797.1902771477062,
Detroit Lions,Ford Field,Michigan,42.3400103,-83.0481779,底特律市区希尔顿花园旅馆,https://www.google.com/maps/place/%E5%BA%95%E7%89%B9%E5%BE%8B%E5%B8%82%E5%8C%BA%E5%B8%8C%E5%B0%94%E9%A1%BF%E8%8A%B1%E5%9B%AD%E6%97%85%E9%A6%86/data=!4m10!3m9!1s0x883b2d2e744edff9:0x5a107c0e75154fe0!5m2!4m1!1i2!8m2!3d42.3359147!4d-83.0450445!16s%2Fg%2F1whdk06_!19sChIJ-d9OdC4tO4gR4E8VdQ58EFo?authuser=0&hl=zh-CN&rclk=1,42.3359147,-83.0450445,523.1901176352794,
Detroit Lions,Ford Field,Michigan,42.3400103,-83.0481779,The Siren Hotel,https://www.google.com/maps/place/The+Siren+Hotel/data=!4m10!3m9!1s0x883b2d3227273ec3:0x117e9060a5ef3a!5m2!4m1!1i2!8m2!3d42.3357431!4d-83.0485902!16s%2Fg%2F11hbj6fyjf!19sChIJwz4nJzItO4gROu-lYJB-EQA?authuser=0&hl=zh-CN&rclk=1,42.3357431,-83.0485902,475.6996209828309,
Detroit Lions,Ford Field,Michigan,42.3400103,-83.0481779,Hollywood Casino at Greektown,https://www.google.com/maps/place/Hollywood+Casino+at+Greektown/data=!4m10!3m9!1s0x883b2d2bfa8d6e29:0x8599f12988e72701!5m2!4m1!1i2!8m2!3d42.3359559!4d-83.0409756!16s%2Fg%2F1hhnq6p0q!19sChIJKW6N-istO4gRASfniCnxmYU?authuser=0&hl=zh-CN&rclk=1,42.3359559,-83.0409756,744.1037072123502,
Detroit Lions,Ford Field,Michigan,42.3400103,-83.0481779,Hotel Indigo Detroit Downtown by IHG,https://www.google.com/maps/place/Hotel+Indigo+Detroit+Downtown+by+IHG/data=!4m10!3m9!1s0x883b2d3099966a4b:0xf3c4124721bee2c6!5m2!4m1!1i2!8m2!3d42.3313963!4d-83.0505586!16s%2Fg%2F1ydp2p8ln!19sChIJS2qWmTAtO4gRxuK-IUcSxPM?authuser=0&hl=zh-CN&rclk=1,42.3313963,-83.0505586,977.6180313239959,
Green Bay Packers,Lambeau Field,Wisconsin,44.5013444,-88.0647832,Hampton Inn by Hilton Green Bay Stadium,https://www.google.com/maps/place/Hampton+Inn+by+Hilton+Green+Bay+Stadium/data=!4m10!3m9!1s0x8802fbad259c3329:0xaed99e93f29acdd5!5m2!4m1!1i2!8m2!3d44.495428!4d-88.058761!16s%2Fg%2F11stvb02j7!19sChIJKTOcJa37AogR1c2a8pOe2a4?authuser=0&hl=zh-CN&rclk=1,44.495428,-88.058761,812.9765869323345,
Green Bay Packers,Lambeau Field,Wisconsin,44.5013444,-88.0647832,希尔顿加登因格林贝,https://www.google.com/maps/place/%E5%B8%8C%E5%B0%94%E9%A1%BF%E5%8A%A0%E7%99%BB%E5%9B%A0%E6%A0%BC%E6%9E%97%E8%B4%9D/data=!4m10!3m9!1s0x8802fa558420ee29:0x474c57a55c97c687!5m2!4m1!1i2!8m2!3d44.498678!4d-88.051291!16s%2Fg%2F1tfnz4k9!19sChIJKe4ghFX6AogRh8aXXKVXTEc?authuser=0&hl=zh-CN&rclk=1,44.498678,-88.051291,1110.3797368121143,
Green Bay Packers,Lambeau Field,Wisconsin,44.5013444,-88.0647832,SpringHill Suites by Marriott Green Bay,https://www.google.com/maps/place/SpringHill+Suites+by+Marriott+Green+Bay/data=!4m10!3m9!1s0x8802fa555b902f65:0xc392ae1d94b1017b!5m2!4m1!1i2!8m2!3d44.496523!4d-88.0513384!16s%2Fg%2F12m9185ty!19sChIJZS-QW1X6AogRewGxlB2uksM?authuser=0&hl=zh-CN&rclk=1,44.496523,-88.0513384,1193.510403082661,
Green Bay Packers,Lambeau Field,Wisconsin,44.5013444,-88.0647832,希尔顿加登因格林贝,https://www.google.com/maps/place/%E5%B8%8C%E5%B0%94%E9%A1%BF%E5%8A%A0%E7%99%BB%E5%9B%A0%E6%A0%BC%E6%9E%97%E8%B4%9D/data=!4m10!3m9!1s0x8802fa5586022ebd:0x474c57a55c97c687!5m2!4m1!1i2!8m2!3d44.4986777!4d-88.0512912!16s%2Fg%2F1tfnz4k9!19sChIJvS4ChlX6AogRh8aXXKVXTEc?authuser=0&hl=zh-CN&rclk=1,44.4986777,-88.0512912,1110.3733612945402,
Green Bay Packers,Lambeau Field,Wisconsin,44.5013444,-88.0647832,洛奇科赫莱尔,https://www.google.com/maps/place/%E6%B4%9B%E5%A5%87%E7%A7%91%E8%B5%AB%E8%8E%B1%E5%B0%94/data=!4m10!3m9!1s0x8802fa4ec09df305:0xbce9b246f4c8e485!5m2!4m1!1i2!8m2!3d44.5022919!4d-88.0649729!16s%2Fg%2F11g6qxy1ng!19sChIJBfOdwE76AogRheTI9Eay6bw?authuser=0&hl=zh-CN&rclk=1,44.5022919,-88.0649729,106.4259286122461,
Green Bay Packers,Lambeau Field,Wisconsin,44.5013444,-88.0647832,Hampton Inn by Hilton Green Bay Stadium,https://www.google.com/maps/place/Hampton+Inn+by+Hilton+Green+Bay+Stadium/data=!4m10!3m9!1s0x8802fb792b6307c9:0xaed99e93f29acdd5!5m2!4m1!1i2!8m2!3d44.4954276!4d-88.0587609!16s%2Fg%2F11stvb02j7!19sChIJyQdjK3n7AogR1c2a8pOe2a4?authuser=0&hl=zh-CN&rclk=1,44.4954276,-88.0587609,813.0172400902868,
Green Bay Packers,Lambeau Field,Wisconsin,44.5013444,-88.0647832,Home2 Suites by Hilton Green Bay,https://www.google.com/maps/place/Home2+Suites+by+Hilton+Green+Bay/data=!4m10!3m9!1s0x8802fbace7115bd3:0x2e1a52d45e56090f!5m2!4m1!1i2!8m2!3d44.4950047!4d-88.0576152!16s%2Fg%2F11h9qf2vd0!19sChIJ01sR56z7AogRDwlWXtRSGi4?authuser=0&hl=zh-CN&rclk=1,44.4950047,-88.0576152,905.6203814730432,
Houston Texans,NRG Stadium,Texas,29.6829549,-95.4096105,希尔顿美洲休斯敦,https://www.google.com/maps/place/%E5%B8%8C%E5%B0%94%E9%A1%BF%E7%BE%8E%E6%B4%B2%E4%BC%91%E6%96%AF%E6%95%A6/data=!4m10!3m9!1s0x8640bf2292a8d873:0x318d5dfa18289231!5m2!4m1!1i2!8m2!3d29.751473!4d-95.360607!16s%2Fg%2F1tlbpjks!19sChIJc9iokiK_QIYRMZIoGPpdjTE?authuser=0&hl=zh-CN&rclk=1,29.751473,-95.360607,8968.93860151577,
Houston Texans,NRG Stadium,Texas,29.6829549,-95.4096105,休斯敦市中心汉普顿酒店,https://www.google.com/maps/place/%E4%BC%91%E6%96%AF%E6%95%A6%E5%B8%82%E4%B8%AD%E5%BF%83%E6%B1%89%E6%99%AE%E9%A1%BF%E9%85%92%E5%BA%97/data=!4m10!3m9!1s0x8640bf238b3578ff:0x52ec6cf1e68c87ee!5m2!4m1!1i2!8m2!3d29.755648!4d-95.358637!16s%2Fg%2F11cmd0x8pg!19sChIJ_3g1iyO_QIYR7oeM5vFs7FI?authuser=0&hl=zh-CN&rclk=1,29.755648,-95.358637,9463.989645951722,
Houston Texans,NRG Stadium,Texas,29.6829549,-95.4096105,休斯顿S-Nrg区-医疗中心假日酒店,https://www.google.com/maps/place/%E4%BC%91%E6%96%AF%E9%A1%BFS-Nrg%E5%8C%BA-%E5%8C%BB%E7%96%97%E4%B8%AD%E5%BF%83%E5%81%87%E6%97%A5%E9%85%92%E5%BA%97/data=!4m10!3m9!1s0x8640c019d8a336d1:0xbb4863f66249490c!5m2!4m1!1i2!8m2!3d29.6903151!4d-95.4114403!16s%2Fg%2F11b6g9h7kc!19sChIJ0Taj2BnAQIYRDElJYvZjSLs?authuser=0&hl=zh-CN&rclk=1,29.6903151,-95.4114403,837.2873005260202,
Houston Texans,NRG Stadium,Texas,29.6829549,-95.4096105,Wingate Houston near NRG Park/Medical Center,https://www.google.com/maps/place/Wingate+Houston+near+NRG+Park%2FMedical+Center/data=!4m10!3m9!1s0x8640c130c2f483b3:0x6a9307bb2fe3c3fb!5m2!4m1!1i2!8m2!3d29.6809011!4d-95.4128059!16s%2Fg%2F11ns60xhn1!19sChIJs4P0wjDBQIYR-8PjL7sHk2o?authuser=0&hl=zh-CN&rclk=1,29.6809011,-95.4128059,383.9842889093739,
Houston Texans,NRG Stadium,Texas,29.6829549,-95.4096105,Comfort Suites Houston near Medical Center- NRG Stadium,https://www.google.com/maps/place/Comfort+Suites+Houston+near+Medical+Center-+NRG+Stadium/data=!4m10!3m9!1s0x8640c022d19ca4b3:0xaabd5f3177bb3c41!5m2!4m1!1i2!8m2!3d29.689753!4d-95.416651!16s%2Fg%2F1th1vflr!19sChIJs6Sc0SLAQIYRQTy7dzFfvao?authuser=0&hl=zh-CN&rclk=1,29.689753,-95.416651,1016.8403009717165,
Houston Texans,NRG Stadium,Texas,29.6829549,-95.4096105,Quality Inn & Suites NRG Park - Medical Center,https://www.google.com/maps/place/Quality+Inn+%26+Suites+NRG+Park+-+Medical+Center/data=!4m10!3m9!1s0x8640c01fff7e89fd:0x84bb092377fc5c91!5m2!4m1!1i2!8m2!3d29.679028!4d-95.414604!16s%2Fg%2F1tdh8v2m!19sChIJ_Yl-_x_AQIYRkVz8dyMJu4Q?authuser=0&hl=zh-CN&rclk=1,29.679028,-95.414604,650.6724688453585,
Houston Texans,NRG Stadium,Texas,29.6829549,-95.4096105,SpringHill Suites by Marriott Houston Medical Center/NRG Park,https://www.google.com/maps/place/SpringHill+Suites+by+Marriott+Houston+Medical+Center%2FNRG+Park/data=!4m10!3m9!1s0x8640c010d9e555ed:0x2e7b07d246f25e73!5m2!4m1!1i2!8m2!3d29.6929948!4d-95.4089803!16s%2Fg%2F1vgx13tg!19sChIJ7VXl2RDAQIYRc17yRtIHey4?authuser=0&hl=zh-CN&rclk=1,29.6929948,-95.4089803,1118.0445186428353,
Indianapolis Colts,Lucas Oil Stadium,Indiana,39.7601048,-86.1664626,印第安纳波利斯市区会议中心区快捷假日&套房酒店,https://www.google.com/maps/place/%E5%8D%B0%E7%AC%AC%E5%AE%89%E7%BA%B3%E6%B3%A2%E5%88%A9%E6%96%AF%E5%B8%82%E5%8C%BA%E4%BC%9A%E8%AE%AE%E4%B8%AD%E5%BF%83%E5%8C%BA%E5%BF%AB%E6%8D%B7%E5%81%87%E6%97%A5%26%E5%A5%97%E6%88%BF%E9%85%92%E5%BA%97/data=!4m10!3m9!1s0x886b50af9db40d3f:0xa5099c95eccd33b4!5m2!4m1!1i2!8m2!3d39.76148!4d-86.165859!16s%2Fg%2F1tgxjt6m!19sChIJPw20na9Qa4gRtDPN7JWcCaU?authuser=0&hl=zh-CN&rclk=1,39.76148,-86.165859,161.38484152534187,
Indianapolis Colts,Lucas Oil Stadium,Indiana,39.7601048,-86.1664626,Holiday Inn Indianapolis Downtown by IHG,https://www.google.com/maps/place/Holiday+Inn+Indianapolis+Downtown+by+IHG/data=!4m10!3m9!1s0x886b50af1876d8cb:0x7c73c513b6c7fc05!5m2!4m1!1i2!8m2!3d39.760103!4d-86.167019!16s%2Fg%2F11cl_j9_41!19sChIJy9h2GK9Qa4gRBfzHthPFc3w?authuser=0&hl=zh-CN&rclk=1,39.760103,-86.167019,47.56080941663904,
Indianapolis Colts,Lucas Oil Stadium,Indiana,39.7601048,-86.1664626,印第安纳波利斯市区会议中心区快捷假日&套房酒店,https://www.google.com/maps/place/%E5%8D%B0%E7%AC%AC%E5%AE%89%E7%BA%B3%E6%B3%A2%E5%88%A9%E6%96%AF%E5%B8%82%E5%8C%BA%E4%BC%9A%E8%AE%AE%E4%B8%AD%E5%BF%83%E5%8C%BA%E5%BF%AB%E6%8D%B7%E5%81%87%E6%97%A5%26%E5%A5%97%E6%88%BF%E9%85%92%E5%BA%97/data=!4m10!3m9!1s0x886b50af7672a0c1:0xa5099c95eccd33b4!5m2!4m1!1i2!8m2!3d39.7614804!4d-86.1658588!16s%2Fg%2F1tgxjt6m!19sChIJwaBydq9Qa4gRtDPN7JWcCaU?authuser=0&hl=zh-CN&rclk=1,39.7614804,-86.1658588,161.43245065885273,
Indianapolis Colts,Lucas Oil Stadium,Indiana,39.7601048,-86.1664626,Holiday Inn Indianapolis Downtown by IHG,https://www.google.com/maps/place/Holiday+Inn+Indianapolis+Downtown+by+IHG/data=!4m10!3m9!1s0x886b50af1801b6c3:0x7c73c513b6c7fc05!5m2!4m1!1i2!8m2!3d39.7601029!4d-86.1670186!16s%2Fg%2F11cl_j9_41!19sChIJw7YBGK9Qa4gRBfzHthPFc3w?authuser=0&hl=zh-CN&rclk=1,39.7601029,-86.1670186,47.526666375230825,
Indianapolis Colts,Lucas Oil Stadium,Indiana,39.7601048,-86.1664626,印第安纳波利斯市中心希尔顿恒庭酒店（瑟科中心对面）,https://www.google.com/maps/place/%E5%8D%B0%E7%AC%AC%E5%AE%89%E7%BA%B3%E6%B3%A2%E5%88%A9%E6%96%AF%E5%B8%82%E4%B8%AD%E5%BF%83%E5%B8%8C%E5%B0%94%E9%A1%BF%E6%81%92%E5%BA%AD%E9%85%92%E5%BA%97%EF%BC%88%E7%91%9F%E7%A7%91%E4%B8%AD%E5%BF%83%E5%AF%B9%E9%9D%A2%EF%BC%89/data=!4m10!3m9!1s0x886b50bcef7d9515:0x17d65e8eaaab3e56!5m2!4m1!1i2!8m2!3d39.7653894!4d-86.157627!16s%2Fg%2F1tl9n9pf!19sChIJFZV977xQa4gRVj6rqo5e1hc?authuser=0&hl=zh-CN&rclk=1,39.7653894,-86.157627,956.9045315929137,
Indianapolis Colts,Lucas Oil Stadium,Indiana,39.7601048,-86.1664626,Tru by Hilton Indianapolis Downtown,https://www.google.com/maps/place/Tru+by+Hilton+Indianapolis+Downtown/data=!4m10!3m9!1s0x886b50a3f94aaacd:0xd24b5219e037677!5m2!4m1!1i2!8m2!3d39.758887!4d-86.1596731!16s%2Fg%2F11k24fw2s3!19sChIJzapK-aNQa4gRd3YDniG1JA0?authuser=0&hl=zh-CN&rclk=1,39.758887,-86.1596731,595.9515252925971,
Indianapolis Colts,Lucas Oil Stadium,Indiana,39.7601048,-86.1664626,印第安纳波利斯市中心-会议中心斯塔布里奇套房酒店,https://www.google.com/maps/place/%E5%8D%B0%E7%AC%AC%E5%AE%89%E7%BA%B3%E6%B3%A2%E5%88%A9%E6%96%AF%E5%B8%82%E4%B8%AD%E5%BF%83-%E4%BC%9A%E8%AE%AE%E4%B8%AD%E5%BF%83%E6%96%AF%E5%A1%94%E5%B8%83%E9%87%8C%E5%A5%87%E5%A5%97%E6%88%BF%E9%85%92%E5%BA%97/data=!4m10!3m9!1s0x886b50af25eb927d:0xf7d932785ebc4e41!5m2!4m1!1i2!8m2!3d39.7595029!4d-86.1670844!16s%2Fg%2F1tt8c__8!19sChIJfZLrJa9Qa4gRQU68Xngy2fc?authuser=0&hl=zh-CN&rclk=1,39.7595029,-86.1670844,85.46583527175386,
Indianapolis Colts,Lucas Oil Stadium,Indiana,39.7601048,-86.1664626,印第安纳波利斯市中心希尔顿惠庭套房酒店,https://www.google.com/maps/place/%E5%8D%B0%E7%AC%AC%E5%AE%89%E7%BA%B3%E6%B3%A2%E5%88%A9%E6%96%AF%E5%B8%82%E4%B8%AD%E5%BF%83%E5%B8%8C%E5%B0%94%E9%A1%BF%E6%83%A0%E5%BA%AD%E5%A5%97%E6%88%BF%E9%85%92%E5%BA%97/data=!4m10!3m9!1s0x886b50bcd386c6c3:0x9315a56afcc032f7!5m2!4m1!1i2!8m2!3d39.7638209!4d-86.1577566!16s%2Fg%2F1vd721r6!19sChIJw8aG07xQa4gR9zLA_GqlFZM?authuser=0&hl=zh-CN&rclk=1,39.7638209,-86.1577566,851.1844587570727,
Jacksonville Jaguars,EverBank Stadium,Florida,30.3239145,-81.6399246,Holiday Inn Express & Suites Thibodaux by IHG,https://www.google.com/maps/place/Holiday+Inn+Express+%26+Suites+Thibodaux+by+IHG/data=!4m10!3m9!1s0x86211622240f7867:0x154599f3274c8030!5m2!4m1!1i2!8m2!3d29.780265!4d-90.808842!16s%2Fg%2F11vt7l3xj_!19sChIJZ3gPJCIWIYYRMIBMJ_OZRRU?authuser=0&hl=zh-CN&rclk=1,29.780265,-90.808842,884306.6183339001,
Jacksonville Jaguars,EverBank Stadium,Florida,30.3239145,-81.6399246,法国区中心汉普顿酒店,https://www.google.com/maps/place/%E6%B3%95%E5%9B%BD%E5%8C%BA%E4%B8%AD%E5%BF%83%E6%B1%89%E6%99%AE%E9%A1%BF%E9%85%92%E5%BA%97/data=!4m10!3m9!1s0x8620a60b41437777:0x97057808ad90d86!5m2!4m1!1i2!8m2!3d29.952062!4d-90.070926!16s%2Fg%2F1td9wgw6!19sChIJd3dDQQumIIYRhg3ZioBXcAk?authuser=0&hl=zh-CN&rclk=1,29.952062,-90.070926,811620.599156766,
Jacksonville Jaguars,EverBank Stadium,Florida,30.3239145,-81.6399246,杰克逊维尔市区南岸希尔顿花园酒店,https://www.google.com/maps/place/%E6%9D%B0%E5%85%8B%E9%80%8A%E7%BB%B4%E5%B0%94%E5%B8%82%E5%8C%BA%E5%8D%97%E5%B2%B8%E5%B8%8C%E5%B0%94%E9%A1%BF%E8%8A%B1%E5%9B%AD%E9%85%92%E5%BA%97/data=!4m10!3m9!1s0x88e5b706ba336d99:0x3374960c9064d8bf!5m2!4m1!1i2!8m2!3d30.3125145!4d-81.6534752!16s%2Fg%2F11b63cgb07!19sChIJmW0zuga35YgRv9hkkAyWdDM?authuser=0&hl=zh-CN&rclk=1,30.3125145,-81.6534752,1816.2188832129762,
Jacksonville Jaguars,EverBank Stadium,Florida,30.3239145,-81.6399246,DoubleTree by Hilton Hotel Jacksonville Riverfront,https://www.google.com/maps/place/DoubleTree+by+Hilton+Hotel+Jacksonville+Riverfront/data=!4m10!3m9!1s0x88e5b71aaec83a75:0xbf933dabb70822e4!5m2!4m1!1i2!8m2!3d30.3198325!4d-81.6579278!16s%2Fg%2F1vnrlv7p!19sChIJdTrIrhq35YgR5CIIt6s9k78?authuser=0&hl=zh-CN&rclk=1,30.3198325,-81.6579278,1786.6336028673281,
Jacksonville Jaguars,EverBank Stadium,Florida,30.3239145,-81.6399246,杰克逊维尔汉普顿酒店 - I-95中央,https://www.google.com/maps/place/%E6%9D%B0%E5%85%8B%E9%80%8A%E7%BB%B4%E5%B0%94%E6%B1%89%E6%99%AE%E9%A1%BF%E9%85%92%E5%BA%97+-+I-95%E4%B8%AD%E5%A4%AE/data=!4m10!3m9!1s0x88e5b7057539a7cf:0xb671c6c936c37908!5m2!4m1!1i2!8m2!3d30.3166762!4d-81.6566733!16s%2Fg%2F1tfwqsqk!19sChIJz6c5dQW35YgRCHnDNsnGcbY?authuser=0&hl=zh-CN&rclk=1,30.3166762,-81.6566733,1797.8530627062373,
Jacksonville Jaguars,EverBank Stadium,Florida,30.3239145,-81.6399246,Hyatt Regency Jacksonville Riverfront,https://www.google.com/maps/place/Hyatt+Regency+Jacksonville+Riverfront/data=!4m10!3m9!1s0x88e5b71bd258d8bd:0xa069f8dc7c6b32d6!5m2!4m1!1i2!8m2!3d30.3241746!4d-81.655438!16s%2Fg%2F11f61588q5!19sChIJvdhY0hu35YgR1jJrfNz4aaA?authuser=0&hl=zh-CN&rclk=1,30.3241746,-81.655438,1489.2826363534853,
Jacksonville Jaguars,EverBank Stadium,Florida,30.3239145,-81.6399246,Southbank Hotel Jacksonville Riverwalk,https://www.google.com/maps/place/Southbank+Hotel+Jacksonville+Riverwalk/data=!4m10!3m9!1s0x88e5b75ae88e9905:0xbf89051613644f13!5m2!4m1!1i2!8m2!3d30.3171304!4d-81.652922!16s%2Fg%2F11fvy0yz0h!19sChIJBZmO6Fq35YgRE09kExYFib8?authuser=0&hl=zh-CN&rclk=1,30.3171304,-81.652922,1457.8934085521712,
Kansas City Chiefs,Arrowhead Stadium,Missouri,39.0489688,-94.486589,Holiday Inn Express & Suites Lenexa - Overland Park Area by IHG,https://www.google.com/maps/place/Holiday+Inn+Express+%26+Suites+Lenexa+-+Overland+Park+Area+by+IHG/data=!4m10!3m9!1s0x87c094ca020b9a73:0xdf35084c8cd12c34!5m2!4m1!1i2!8m2!3d38.954126!4d-94.73291!16s%2Fg%2F11cs9ynz8f!19sChIJc5oLAsqUwIcRNCzRjEwINd8?authuser=0&hl=zh-CN&rclk=1,38.954126,-94.73291,23754.615880162353,
Kansas City Chiefs,Arrowhead Stadium,Missouri,39.0489688,-94.486589,Holiday Inn & Suites Overland Park-West by IHG,https://www.google.com/maps/place/Holiday+Inn+%26+Suites+Overland+Park-West+by+IHG/data=!4m10!3m9!1s0x87c0eb5b89480877:0x739c0b865c86aaf!5m2!4m1!1i2!8m2!3d38.969258!4d-94.712517!16s%2Fg%2F1vxdyt38!19sChIJdwhIiVvrwIcRr2rIZbjAOQc?authuser=0&hl=zh-CN&rclk=1,38.969258,-94.712517,21438.957446302833,
Kansas City Chiefs,Arrowhead Stadium,Missouri,39.0489688,-94.486589,Best Western Plus Kansas City Sports Complex Hotel,https://www.google.com/maps/place/Best+Western+Plus+Kansas+City+Sports+Complex+Hotel/data=!4m10!3m9!1s0x87c0e35dd8c6b679:0x7ae22fb146cf321f!5m2!4m1!1i2!8m2!3d39.0496699!4d-94.4739309!16s%2Fg%2F12hpkb_xx!19sChIJebbG2F3jwIcRHzLPRrEv4no?authuser=0&hl=zh-CN&rclk=1,39.0496699,-94.4739309,1095.8593797128558,
Kansas City Chiefs,Arrowhead Stadium,Missouri,39.0489688,-94.486589,Hotel Lotus Kansas City Stadium,https://www.google.com/maps/place/Hotel+Lotus+Kansas+City+Stadium/data=!4m10!3m9!1s0x87c0e30a038ac3a7:0x7c28a89987eca7c1!5m2!4m1!1i2!8m2!3d39.0532025!4d-94.4747156!16s%2Fg%2F11rfr6hnwc!19sChIJp8OKAwrjwIcRwafsh5moKHw?authuser=0&hl=zh-CN&rclk=1,39.0532025,-94.4747156,1128.206673508268,
Kansas City Chiefs,Arrowhead Stadium,Missouri,39.0489688,-94.486589,Extended Stay America Select Suites - Kansas City - Stadium,https://www.google.com/maps/place/Extended+Stay+America+Select+Suites+-+Kansas+City+-+Stadium/data=!4m10!3m9!1s0x87c0e3588843b1d9:0x1dca9e4a5bd0937d!5m2!4m1!1i2!8m2!3d39.0551719!4d-94.4794875!16s%2Fg%2F11b6gc_9lj!19sChIJ2bFDiFjjwIcRfZPQW0qeyh0?authuser=0&hl=zh-CN&rclk=1,39.0551719,-94.4794875,922.9305530445849,
Kansas City Chiefs,Arrowhead Stadium,Missouri,39.0489688,-94.486589,Holiday Inn Express & Suites Kansas City Sport Complex Area by IHG,https://www.google.com/maps/place/Holiday+Inn+Express+%26+Suites+Kansas+City+Sport+Complex+Area+by+IHG/data=!4m10!3m9!1s0x87c0e5d0cfc1b9d5:0xb432a3d7824bf023!5m2!4m1!1i2!8m2!3d39.0050411!4d-94.486539!16s%2Fg%2F11fd4wmbk3!19sChIJ1bnBz9DlwIcRI_BLgtejMrQ?authuser=0&hl=zh-CN&rclk=1,39.0050411,-94.486539,4884.539288708864,
Kansas City Chiefs,Arrowhead Stadium,Missouri,39.0489688,-94.486589,堪萨斯城品质酒店及套房 - 独立城I-70公路东,https://www.google.com/maps/place/%E5%A0%AA%E8%90%A8%E6%96%AF%E5%9F%8E%E5%93%81%E8%B4%A8%E9%85%92%E5%BA%97%E5%8F%8A%E5%A5%97%E6%88%BF+-+%E7%8B%AC%E7%AB%8B%E5%9F%8EI-70%E5%85%AC%E8%B7%AF%E4%B8%9C/data=!4m10!3m9!1s0x87c0e2936249a183:0xfeba0b600cea7152!5m2!4m1!1i2!8m2!3d39.0445202!4d-94.4160716!16s%2Fg%2F1tflmz2b!19sChIJg6FJYpPiwIcRUnHqDGALuv4?authuser=0&hl=zh-CN&rclk=1,39.0445202,-94.4160716,6109.76849946647,
Kansas City Chiefs,Arrowhead Stadium,Missouri,39.0489688,-94.486589,Stoney Creek Hotel Kansas City - Independence,https://www.google.com/maps/place/Stoney+Creek+Hotel+Kansas+City+-+Independence/data=!4m10!3m9!1s0x87c11d0fb1214205:0xb450d33c041eea53!5m2!4m1!1i2!8m2!3d39.039663!4d-94.3678316!16s%2Fg%2F11b6x9yg3m!19sChIJBUIhsQ8dwYcRU-oeBDzTULQ?authuser=0&hl=zh-CN&rclk=1,39.039663,-94.3678316,10308.020112598719,
Las Vegas Raiders,Allegiant Stadium,Nevada,36.0908708,-115.1858971,希尔顿特鲁拉斯维加斯机场酒店,https://www.google.com/maps/place/%E5%B8%8C%E5%B0%94%E9%A1%BF%E7%89%B9%E9%B2%81%E6%8B%89%E6%96%AF%E7%BB%B4%E5%8A%A0%E6%96%AF%E6%9C%BA%E5%9C%BA%E9%85%92%E5%BA%97/data=!4m10!3m9!1s0x80c8c58a84512467:0x6f99cfe4ac7ccc4e!5m2!4m1!1i2!8m2!3d36.064671!4d-115.162765!16s%2Fg%2F11f12qwfsh!19sChIJZyRRhIrFyIARTsx8rOTPmW8?authuser=0&hl=zh-CN&rclk=1,36.064671,-115.162765,3578.9603978742384,
Las Vegas Raiders,Allegiant Stadium,Nevada,36.0908708,-115.1858971,Home2 Suites by Hilton Las Vegas Stadium District,https://www.google.com/maps/place/Home2+Suites+by+Hilton+Las+Vegas+Stadium+District/data=!4m10!3m9!1s0x80c8c5d341901a3b:0x265cea8436bc899e!5m2!4m1!1i2!8m2!3d36.099551!4d-115.181827!16s%2Fg%2F11f61wzs53!19sChIJOxqQQdPFyIARnom8NoTqXCY?authuser=0&hl=zh-CN&rclk=1,36.099551,-115.181827,1032.1505645547072,
Las Vegas Raiders,Allegiant Stadium,Nevada,36.0908708,-115.1858971,卢克索酒店,https://www.google.com/maps/place/%E5%8D%A2%E5%85%8B%E7%B4%A2%E9%85%92%E5%BA%97/data=!4m10!3m9!1s0x80c8c5ce3e5cb447:0xb5a742eafd00138!5m2!4m1!1i2!8m2!3d36.09551!4d-115.1760672!16zL20vMDM1d19w!19sChIJR7RcPs7FyIAROAHQry50Wgs?authuser=0&hl=zh-CN&rclk=1,36.09551,-115.1760672,1022.8469329929828,
Las Vegas Raiders,Allegiant Stadium,Nevada,36.0908708,-115.1858971,曼德勒海湾度假村,https://www.google.com/maps/place/%E6%9B%BC%E5%BE%B7%E5%8B%92%E6%B5%B7%E6%B9%BE%E5%BA%A6%E5%81%87%E6%9D%91/data=!4m10!3m9!1s0x80c8c5cffb824261:0x97f68a25c5b4ddef!5m2!4m1!1i2!8m2!3d36.0921847!4d-115.1748583!16zL20vMDM1d184!19sChIJYUKC-8_FyIAR7920xSWK9pc?authuser=0&hl=zh-CN&rclk=1,36.0921847,-115.1748583,1002.5831092268334,
Las Vegas Raiders,Allegiant Stadium,Nevada,36.0908708,-115.1858971,石中剑酒店,https://www.google.com/maps/place/%E7%9F%B3%E4%B8%AD%E5%89%91%E9%85%92%E5%BA%97/data=!4m10!3m9!1s0x80c8c5cd84499bcd:0xaf47538c17e9e1e9!5m2!4m1!1i2!8m2!3d36.0987973!4d-115.1754312!16zL20vMDM0OHFw!19sChIJzZtJhM3FyIAR6eHpF4xTR68?authuser=0&hl=zh-CN&rclk=1,36.0987973,-115.1754312,1288.8471198448603,
Las Vegas Raiders,Allegiant Stadium,Nevada,36.0908708,-115.1858971,Holiday Inn Express Las Vegas - Stadium Area by IHG,https://www.google.com/maps/place/Holiday+Inn+Express+Las+Vegas+-+Stadium+Area+by+IHG/data=!4m10!3m9!1s0x80c8c5d92e900b03:0xd1e0f183c841dede!5m2!4m1!1i2!8m2!3d36.084782!4d-115.184782!16s%2Fg%2F1tm1qrhm!19sChIJAwuQLtnFyIAR3t5ByIPx4NE?authuser=0&hl=zh-CN&rclk=1,36.084782,-115.184782,684.4182692547315,
Las Vegas Raiders,Allegiant Stadium,Nevada,36.0908708,-115.1858971,纽约賭場酒店,https://www.google.com/maps/place/%E7%BA%BD%E7%BA%A6%E8%B3%AD%E5%A0%B4%E9%85%92%E5%BA%97/data=!4m10!3m9!1s0x80c8c5ccc25c8967:0xedac8aad053f7cee!5m2!4m1!1i2!8m2!3d36.102132!4d-115.1744225!16zL20vMDMzdnFy!19sChIJZ4lcwszFyIAR7nw_Ba2KrO0?authuser=0&hl=zh-CN&rclk=1,36.102132,-115.1744225,1621.9997853706234,
Los Angeles Chargers,SoFi Stadium,California,33.9534809,-118.3415984,洛杉矶卡尔弗城希尔顿酒店,https://www.google.com/maps/place/%E6%B4%9B%E6%9D%89%E7%9F%B6%E5%8D%A1%E5%B0%94%E5%BC%97%E5%9F%8E%E5%B8%8C%E5%B0%94%E9%A1%BF%E9%85%92%E5%BA%97/data=!4m10!3m9!1s0x80c2b0ac6674f2f5:0xae91f10839978d45!5m2!4m1!1i2!8m2!3d33.982681!4d-118.396493!16s%2Fg%2F1tgf810c!19sChIJ9fJ0ZqywwoARRY2XOQjxka4?authuser=0&hl=zh-CN&rclk=1,33.982681,-118.396493,6014.127826526274,
Los Angeles Chargers,SoFi Stadium,California,33.9534809,-118.3415984,贝拉马酒店,https://www.google.com/maps/place/%E8%B4%9D%E6%8B%89%E9%A9%AC%E9%85%92%E5%BA%97/data=!4m10!3m9!1s0x80c2b3f93c7730e9:0x40552befa3c789af!5m2!4m1!1i2!8m2!3d33.900601!4d-118.396829!16s%2Fm%2F0gx37b7!19sChIJ6TB3PPmzwoARr4nHo-8rVUA?authuser=0&hl=zh-CN&rclk=1,33.900601,-118.396829,7780.821756489678,
Los Angeles Chargers,SoFi Stadium,California,33.9534809,-118.3415984,The Lum Hotel Los Angeles Stadium District,https://www.google.com/maps/place/The+Lum+Hotel+Los+Angeles+Stadium+District/data=!4m10!3m9!1s0x80c2b716a785939d:0xe27098605da2a68a!5m2!4m1!1i2!8m2!3d33.945184!4d-118.3420775!16s%2Fg%2F11nxvd_g8q!19sChIJnZOFpxa3woARiqaiXWCYcOI?authuser=0&hl=zh-CN&rclk=1,33.945184,-118.3420775,923.6309991022888,
Los Angeles Chargers,SoFi Stadium,California,33.9534809,-118.3415984,Hollywood Park Motel,https://www.google.com/maps/place/Hollywood+Park+Motel/data=!4m10!3m9!1s0x80c2b6564cad4eaf:0xb3509053b4e0dcfc!5m2!4m1!1i2!8m2!3d33.9532132!4d-118.3443454!16s%2Fg%2F1tjg_mqx!19sChIJr06tTFa2woAR_NzgtFOQULM?authuser=0&hl=zh-CN&rclk=1,33.9532132,-118.3443454,255.1131316440257,
Los Angeles Chargers,SoFi Stadium,California,33.9534809,-118.3415984,英格尔伍德拉金塔旅馆及套房,https://www.google.com/maps/place/%E8%8B%B1%E6%A0%BC%E5%B0%94%E4%BC%8D%E5%BE%B7%E6%8B%89%E9%87%91%E5%A1%94%E6%97%85%E9%A6%86%E5%8F%8A%E5%A5%97%E6%88%BF/data=!4m10!3m9!1s0x80c2b662d8a63bdd:0x603e6555a29a8c8c!5m2!4m1!1i2!8m2!3d33.931271!4d-118.3433!16s%2Fg%2F1260_ytsj!19sChIJ3Tum2GK2woARjIyaolVlPmA?authuser=0&hl=zh-CN&rclk=1,33.931271,-118.3433,2474.611562623497,
Los Angeles Chargers,SoFi Stadium,California,33.9534809,-118.3415984,洛杉矶喜来登酒店,https://www.google.com/maps/place/%E6%B4%9B%E6%9D%89%E7%9F%B6%E5%96%9C%E6%9D%A5%E7%99%BB%E9%85%92%E5%BA%97/data=!4m10!3m9!1s0x80c2b6d4e2d10a59:0x8fc3dc08704b5f1d!5m2!4m1!1i2!8m2!3d33.9464489!4d-118.3907235!16s%2Fg%2F1tkb5cf5!19sChIJWQrR4tS2woARHV9LcAjcw48?authuser=0&hl=zh-CN&rclk=1,33.9464489,-118.3907235,4598.222104719185,
Los Angeles Chargers,SoFi Stadium,California,33.9534809,-118.3415984,LA Adventure Hotel,https://www.google.com/maps/place/LA+Adventure+Hotel/data=!4m10!3m9!1s0x80c2b6f662124b5b:0xf603e4404cad7931!5m2!4m1!1i2!8m2!3d33.9451965!4d-118.3488601!16s%2Fg%2F1pty0xlyw!19sChIJW0sSYva2woARMXmtTEDkA_Y?authuser=0&hl=zh-CN&rclk=1,33.9451965,-118.3488601,1138.961624471519,
Los Angeles Rams,SoFi Stadium,California,33.9534809,-118.3415984,Hampton Inn & Suites Santa Monica,https://www.google.com/maps/place/Hampton+Inn+%26+Suites+Santa+Monica/data=!4m10!3m9!1s0x80c2a4d23e0339d3:0xc2ba32f18807c8bc!5m2!4m1!1i2!8m2!3d34.014924!4d-118.491098!16s%2Fg%2F11c6qsjvrf!19sChIJ0zkDPtKkwoARvMgHiPEyusI?authuser=0&hl=zh-CN&rclk=1,34.014924,-118.491098,15384.443844078764,
Los Angeles Rams,SoFi Stadium,California,33.9534809,-118.3415984,Four Points by Sheraton Los Angeles Westside,https://www.google.com/maps/place/Four+Points+by+Sheraton+Los+Angeles+Westside/data=!4m10!3m9!1s0x80c2b0acb7d8b91f:0x19b406a7e6fc4add!5m2!4m1!1i2!8m2!3d33.983116!4d-118.393554!16s%2Fg%2F1tnss5h9!19sChIJH7nYt6ywwoAR3Ur85qcGtBk?authuser=0&hl=zh-CN&rclk=1,33.983116,-118.393554,5815.10056371431,
Los Angeles Rams,SoFi Stadium,California,33.9534809,-118.3415984,The Lum Hotel Los Angeles Stadium District,https://www.google.com/maps/place/The+Lum+Hotel+Los+Angeles+Stadium+District/data=!4m10!3m9!1s0x80c2b716a785939d:0xe27098605da2a68a!5m2!4m1!1i2!8m2!3d33.945184!4d-118.3420775!16s%2Fg%2F11nxvd_g8q!19sChIJnZOFpxa3woARiqaiXWCYcOI?authuser=0&hl=zh-CN&rclk=1,33.945184,-118.3420775,923.6309991022888,
Los Angeles Rams,SoFi Stadium,California,33.9534809,-118.3415984,Hollywood Park Motel,https://www.google.com/maps/place/Hollywood+Park+Motel/data=!4m10!3m9!1s0x80c2b6564cad4eaf:0xb3509053b4e0dcfc!5m2!4m1!1i2!8m2!3d33.9532132!4d-118.3443454!16s%2Fg%2F1tjg_mqx!19sChIJr06tTFa2woAR_NzgtFOQULM?authuser=0&hl=zh-CN&rclk=1,33.9532132,-118.3443454,255.1131316440257,
Los Angeles Rams,SoFi Stadium,California,33.9534809,-118.3415984,英格尔伍德拉金塔旅馆及套房,https://www.google.com/maps/place/%E8%8B%B1%E6%A0%BC%E5%B0%94%E4%BC%8D%E5%BE%B7%E6%8B%89%E9%87%91%E5%A1%94%E6%97%85%E9%A6%86%E5%8F%8A%E5%A5%97%E6%88%BF/data=!4m10!3m9!1s0x80c2b662d8a63bdd:0x603e6555a29a8c8c!5m2!4m1!1i2!8m2!3d33.931271!4d-118.3433!16s%2Fg%2F1260_ytsj!19sChIJ3Tum2GK2woARjIyaolVlPmA?authuser=0&hl=zh-CN&rclk=1,33.931271,-118.3433,2474.611562623497,
Los Angeles Rams,SoFi Stadium,California,33.9534809,-118.3415984,CRESTRIDGE INN,https://www.google.com/maps/place/CRESTRIDGE+INN/data=!4m10!3m9!1s0x80c2b77023c66735:0x51f9dfeff53e1eea!5m2!4m1!1i2!8m2!3d33.9451349!4d-118.3493452!16s%2Fg%2F11j48gjqp5!19sChIJNWfGI3C3woAR6h4-9e_f-VE?authuser=0&hl=zh-CN&rclk=1,33.9451349,-118.3493452,1171.2579140799553,
Los Angeles Rams,SoFi Stadium,California,33.9534809,-118.3415984,洛杉矶喜来登酒店,https://www.google.com/maps/place/%E6%B4%9B%E6%9D%89%E7%9F%B6%E5%96%9C%E6%9D%A5%E7%99%BB%E9%85%92%E5%BA%97/data=!4m10!3m9!1s0x80c2b6d4e2d10a59:0x8fc3dc08704b5f1d!5m2!4m1!1i2!8m2!3d33.9464489!4d-118.3907235!16s%2Fg%2F1tkb5cf5!19sChIJWQrR4tS2woARHV9LcAjcw48?authuser=0&hl=zh-CN&rclk=1,33.9464489,-118.3907235,4598.222104719185,
Miami Dolphins,Hard Rock Stadium,Florida,25.9578678,-80.2415291,Hampton Inn & Suites Ft. Lauderdale/Miramar,https://www.google.com/maps/place/Hampton+Inn+%26+Suites+Ft.+Lauderdale%2FMiramar/data=!4m10!3m9!1s0x88d9a5ece39546fd:0x165f835e0e5d1435!5m2!4m1!1i2!8m2!3d25.9740012!4d-80.2931687!16s%2Fg%2F1tph2jj0!19sChIJ_UaV4-yl2YgRNRRdDl6DXxY?authuser=0&hl=zh-CN&rclk=1,25.9740012,-80.2931687,5465.245670291336,
Miami Dolphins,Hard Rock Stadium,Florida,25.9578678,-80.2415291,Miami Gardens Inn & Suites,https://www.google.com/maps/place/Miami+Gardens+Inn+%26+Suites/data=!4m10!3m9!1s0x88d9ae46040ff501:0x8108285ad85afc06!5m2!4m1!1i2!8m2!3d25.928293!4d-80.22059!16s%2Fg%2F11j6ghgftx!19sChIJAfUPBEau2YgRBvxa2FooCIE?authuser=0&hl=zh-CN&rclk=1,25.928293,-80.22059,3898.4913178704105,
Miami Dolphins,Hard Rock Stadium,Florida,25.9578678,-80.2415291,North Miami Beach Gardens Inn & Suites,https://www.google.com/maps/place/North+Miami+Beach+Gardens+Inn+%26+Suites/data=!4m10!3m9!1s0x88d9afa2e93cd0e1:0x324da583b0e1deba!5m2!4m1!1i2!8m2!3d25.9275753!4d-80.2030925!16s%2Fg%2F11v0c129c4!19sChIJ4dA86aKv2YgRut7hsIOlTTI?authuser=0&hl=zh-CN&rclk=1,25.9275753,-80.2030925,5110.450496610083,
Miami Dolphins,Hard Rock Stadium,Florida,25.9578678,-80.2415291,Edercozy,https://www.google.com/maps/place/Edercozy/data=!4m10!3m9!1s0x88d9af317ed7b98b:0xc929082ab59bef9c!5m2!4m1!1i2!8m2!3d25.9607718!4d-80.2130684!16s%2Fg%2F11wg7kklyb!19sChIJi7nXfjGv2YgRnO-btSoIKck?authuser=0&hl=zh-CN&rclk=1,25.9607718,-80.2130684,2863.648905608534,
Miami Dolphins,Hard Rock Stadium,Florida,25.9578678,-80.2415291,Courtyard by Marriott Miami Aventura Mall,https://www.google.com/maps/place/Courtyard+by+Marriott+Miami+Aventura+Mall/data=!4m10!3m9!1s0x88d9ac5818829b03:0x257ac064da9f6509!5m2!4m1!1i2!8m2!3d25.953187!4d-80.144108!16s%2Fg%2F1tggbs8g!19sChIJA5uCGFis2YgRCWWf2mTAeiU?authuser=0&hl=zh-CN&rclk=1,25.953187,-80.144108,9753.974460536865,
Miami Dolphins,Hard Rock Stadium,Florida,25.9578678,-80.2415291,塞米诺尔硬石酒店及好莱坞赌场,https://www.google.com/maps/place/%E5%A1%9E%E7%B1%B3%E8%AF%BA%E5%B0%94%E7%A1%AC%E7%9F%B3%E9%85%92%E5%BA%97%E5%8F%8A%E5%A5%BD%E8%8E%B1%E5%9D%9E%E8%B5%8C%E5%9C%BA/data=!4m10!3m9!1s0x88c2cf4c887969df:0x3c218ceb75b4042a!5m2!4m1!1i2!8m2!3d26.0525048!4d-80.2097681!16s%2Fm%2F06412p7!19sChIJ32l5iEzPwogRKgS0deuMITw?authuser=0&hl=zh-CN&rclk=1,26.0525048,-80.2097681,10991.43583209486,
Miami Dolphins,Hard Rock Stadium,Florida,25.9578678,-80.2415291,SpringHill Suites by Marriott Fort Lauderdale Miramar,https://www.google.com/maps/place/SpringHill+Suites+by+Marriott+Fort+Lauderdale+Miramar/data=!4m10!3m9!1s0x88d9a5ecadfb1289:0xd18f2393e3356da7!5m2!4m1!1i2!8m2!3d25.9742415!4d-80.2926327!16s%2Fg%2F11fd4pm4nn!19sChIJiRL7reyl2YgRp20145Mjj9E?authuser=0&hl=zh-CN&rclk=1,25.9742415,-80.2926327,5423.565590577469,
Minnesota Vikings,U.S. Bank Stadium,Minnesota,44.9736499,-93.2600694,Sheraton Minneapolis Downtown Convention Center,https://www.google.com/maps/place/Sheraton+Minneapolis+Downtown+Convention+Center/data=!4m10!3m9!1s0x52b333bbcb6b67cf:0x97b9bd1d92f6dac9!5m2!4m1!1i2!8m2!3d44.9705401!4d-93.2767751!16s%2Fg%2F11y8glf1rc!19sChIJz2dry7szs1IRydr2kh29uZc?authuser=0&hl=zh-CN&rclk=1,44.9705401,-93.2767751,1358.8865496817832,
Minnesota Vikings,U.S. Bank Stadium,Minnesota,44.9736499,-93.2600694,拉迪森RED明尼阿波利斯唐敦,https://www.google.com/maps/place/%E6%8B%89%E8%BF%AA%E6%A3%AERED%E6%98%8E%E5%B0%BC%E9%98%BF%E6%B3%A2%E5%88%A9%E6%96%AF%E5%94%90%E6%95%A6/data=!4m7!3m6!1s0x52b32d62041ccded:0x88a3348526d5634b!8m2!3d44.9768339!4d-93.2602643!16s%2Fg%2F11c1rv3xb4!19sChIJ7c0cBGIts1IRS2PVJoU0o4g?authuser=0&hl=zh-CN&rclk=1,44.9768339,-93.2602643,354.37642423569093,
Minnesota Vikings,U.S. Bank Stadium,Minnesota,44.9736499,-93.2600694,Hyatt Place Minneapolis/Downtown,https://www.google.com/maps/place/Hyatt+Place+Minneapolis%2FDowntown/data=!4m7!3m6!1s0x52b33298d1b76d23:0x6cddf41ead701287!8m2!3d44.9737618!4d-93.2661932!16s%2Fg%2F11btwmdmp_!19sChIJI2230Zgys1IRhxJwrR703Ww?authuser=0&hl=zh-CN&rclk=1,44.9737618,-93.2661932,481.8756910021556,
Minnesota Vikings,U.S. Bank Stadium,Minnesota,44.9736499,-93.2600694,北极星明尼阿波利斯皇冠假日酒店--市区,https://www.google.com/maps/place/%E5%8C%97%E6%9E%81%E6%98%9F%E6%98%8E%E5%B0%BC%E9%98%BF%E6%B3%A2%E5%88%A9%E6%96%AF%E7%9A%87%E5%86%A0%E5%81%87%E6%97%A5%E9%85%92%E5%BA%97--%E5%B8%82%E5%8C%BA/data=!4m7!3m6!1s0x52b33299f7aaaaab:0x27eabbe8d4827173!8m2!3d44.9761129!4d-93.269514!16s%2Fg%2F11t0rs3d23!19sChIJq6qq95kys1IRc3GC1Oi76ic?authuser=0&hl=zh-CN&rclk=1,44.9761129,-93.269514,791.7961820576472,
Minnesota Vikings,U.S. Bank Stadium,Minnesota,44.9736499,-93.2600694,Courtyard by Marriott Minneapolis Downtown,https://www.google.com/maps/place/Courtyard+by+Marriott+Minneapolis+Downtown/data=!4m7!3m6!1s0x52b32d69d230acf7:0x533451a877f4dc48!8m2!3d44.9737321!4d-93.2473116!16s%2Fg%2F1hhgxcndg!19sChIJ96ww0mkts1IRSNz0d6hRNFM?authuser=0&hl=zh-CN&rclk=1,44.9737321,-93.2473116,1003.6056626999061,
Minnesota Vikings,U.S. Bank Stadium,Minnesota,44.9736499,-93.2600694,明尼阿波利斯市区希尔顿花园旅馆,https://www.google.com/maps/place/%E6%98%8E%E5%B0%BC%E9%98%BF%E6%B3%A2%E5%88%A9%E6%96%AF%E5%B8%82%E5%8C%BA%E5%B8%8C%E5%B0%94%E9%A1%BF%E8%8A%B1%E5%9B%AD%E6%97%85%E9%A6%86/data=!4m7!3m6!1s0x52b332a2bb822131:0xb39ea3ba8a448754!8m2!3d44.9701636!4d-93.2697756!16s%2Fg%2F1txfnt10!19sChIJMSGCu6Iys1IRVIdEirqjnrM?authuser=0&hl=zh-CN&rclk=1,44.9701636,-93.2697756,856.3138552925781,
Minnesota Vikings,U.S. Bank Stadium,Minnesota,44.9736499,-93.2600694,"Emery, Autograph Collection","https://www.google.com/maps/place/Emery,+Autograph+Collection/data=!4m7!3m6!1s0x52b3329b890741bb:0xe766f7f6ce0f1ba8!8m2!3d44.978277!4d-93.2665375!16s%2Fg%2F1td_gx3x!19sChIJu0EHiZsys1IRqBsPzvb3Zuc?authuser=0&hl=zh-CN&rclk=1",44.978277,-93.2665375,723.5856744246236,
New England Patriots,Gillette Stadium,Massachusetts,42.0908431,-71.2668462,波士顿洛根机场希尔顿酒店,https://www.google.com/maps/place/%E6%B3%A2%E5%A3%AB%E9%A1%BF%E6%B4%9B%E6%A0%B9%E6%9C%BA%E5%9C%BA%E5%B8%8C%E5%B0%94%E9%A1%BF%E9%85%92%E5%BA%97/data=!4m10!3m9!1s0x89e3703e54df1bd9:0x3fcd17e1bf0f102d!5m2!4m1!1i2!8m2!3d42.367508!4d-71.022956!16s%2Fg%2F1tdkc20k!19sChIJ2RvfVD5w44kRLRAPv-EXzT8?authuser=0&hl=zh-CN&rclk=1,42.367508,-71.022956,36737.51939793337,
New England Patriots,Gillette Stadium,Massachusetts,42.0908431,-71.2668462,InterContinental Boston by IHG,https://www.google.com/maps/place/InterContinental+Boston+by+IHG/data=!4m10!3m9!1s0x89e37080f7bfffbd:0x9f4a03ea72d93097!5m2!4m1!1i2!8m2!3d42.353691!4d-71.051912!16s%2Fm%2F0640cyl!19sChIJvf-_94Bw44kRlzDZcuoDSp8?authuser=0&hl=zh-CN&rclk=1,42.353691,-71.051912,34168.401091668646,
New England Patriots,Gillette Stadium,Massachusetts,42.0908431,-71.2668462,Hilton Garden Inn Foxborough Patriot Place,https://www.google.com/maps/place/Hilton+Garden+Inn+Foxborough+Patriot+Place/data=!4m10!3m9!1s0x89e47cb739239f0b:0xc5d79b672db0045f!5m2!4m1!1i2!8m2!3d42.091147!4d-71.2685628!16s%2Fg%2F11c1qmsgz_!19sChIJC58jObd85IkRXwSwLWeb18U?authuser=0&hl=zh-CN&rclk=1,42.091147,-71.2685628,145.6214557212971,
New England Patriots,Gillette Stadium,Massachusetts,42.0908431,-71.2668462,Home2 Suites by Hilton Walpole Foxboro,https://www.google.com/maps/place/Home2+Suites+by+Hilton+Walpole+Foxboro/data=!4m10!3m9!1s0x89e47ce526213295:0x49679e160fcaf9e!5m2!4m1!1i2!8m2!3d42.1047337!4d-71.2558543!16s%2Fg%2F11f5ly7k_z!19sChIJlTIhJuV85IkRnq_8YOF5lgQ?authuser=0&hl=zh-CN&rclk=1,42.1047337,-71.2558543,1791.133335007587,
New England Patriots,Gillette Stadium,Massachusetts,42.0908431,-71.2668462,Americas Best Value Inn Foxboro,https://www.google.com/maps/place/Americas+Best+Value+Inn+Foxboro/data=!4m10!3m9!1s0x89e4635479ca0361:0x35c8e013b7520f1a!5m2!4m1!1i2!8m2!3d42.0819623!4d-71.2807239!16s%2Fg%2F1tx1v66t!19sChIJYQPKeVRj5IkRGg9StxPgyDU?authuser=0&hl=zh-CN&rclk=1,42.0819623,-71.2807239,1512.171694918378,
New England Patriots,Gillette Stadium,Massachusetts,42.0908431,-71.2668462,Renaissance Boston Patriot Place Hotel,https://www.google.com/maps/place/Renaissance+Boston+Patriot+Place+Hotel/data=!4m10!3m9!1s0x89e47cc7574c89a9:0xe2da8a9e2f386839!5m2!4m1!1i2!8m2!3d42.0904482!4d-71.2685287!16s%2Fg%2F1tf_22n1!19sChIJqYlMV8d85IkROWg4L56K2uI?authuser=0&hl=zh-CN&rclk=1,42.0904482,-71.2685287,145.61205247680937,
New England Patriots,Gillette Stadium,Massachusetts,42.0908431,-71.2668462,Best Western Plus The Inn at Sharon/Foxboro,https://www.google.com/maps/place/Best+Western+Plus+The+Inn+at+Sharon%2FFoxboro/data=!4m10!3m9!1s0x89e47dafdcb75fb1:0x431fc7adbadd5158!5m2!4m1!1i2!8m2!3d42.1235604!4d-71.2299711!16s%2Fg%2F124ylmvws!19sChIJsV-33K995IkRWFHduq3HH0M?authuser=0&hl=zh-CN&rclk=1,42.1235604,-71.2299711,4742.232109798716,
New Orleans Saints,Caesars Superdome,Louisiana,29.9510656,-90.0838191,Hotel Saint Vincent,https://www.google.com/maps/place/Hotel+Saint+Vincent/data=!4m10!3m9!1s0x8620a678d0255555:0xd73be08a8b41e465!5m2!4m1!1i2!8m2!3d29.9341948!4d-90.072839!16s%2Fg%2F11rxryjyf6!19sChIJVVUl0HimIIYRZeRBi4rgO9c?authuser=0&hl=zh-CN&rclk=1,29.9341948,-90.072839,2153.7120353728237,
New Orleans Saints,Caesars Superdome,Louisiana,29.9510656,-90.0838191,新奥尔良市区超圆屋顶体育场假日酒店,https://www.google.com/maps/place/%E6%96%B0%E5%A5%A5%E5%B0%94%E8%89%AF%E5%B8%82%E5%8C%BA%E8%B6%85%E5%9C%86%E5%B1%8B%E9%A1%B6%E4%BD%93%E8%82%B2%E5%9C%BA%E5%81%87%E6%97%A5%E9%85%92%E5%BA%97/data=!4m10!3m9!1s0x8620a5e03b601983:0xcbe704124e13cd2a!5m2!4m1!1i2!8m2!3d29.9529932!4d-90.0749665!16s%2Fg%2F1vgw8zxz!19sChIJgxlgO-ClIIYRKs0TThIE58s?authuser=0&hl=zh-CN&rclk=1,29.9529932,-90.0749665,879.4164319507051,
New Orleans Saints,Caesars Superdome,Louisiana,29.9510656,-90.0838191,新奥尔良希尔顿惠庭套房酒店,https://www.google.com/maps/place/%E6%96%B0%E5%A5%A5%E5%B0%94%E8%89%AF%E5%B8%8C%E5%B0%94%E9%A1%BF%E6%83%A0%E5%BA%AD%E5%A5%97%E6%88%BF%E9%85%92%E5%BA%97/data=!4m10!3m9!1s0x8620a675374f7829:0x680e68f9365405c2!5m2!4m1!1i2!8m2!3d29.9503892!4d-90.0732324!16s%2Fg%2F1tgfqgy1!19sChIJKXhPN3WmIIYRwgVUNvloDmg?authuser=0&hl=zh-CN&rclk=1,29.9503892,-90.0732324,1022.7492044257058,
New Orleans Saints,Caesars Superdome,Louisiana,29.9510656,-90.0838191,Hilton Garden Inn New Orleans French Quarter/CBD,https://www.google.com/maps/place/Hilton+Garden+Inn+New+Orleans+French+Quarter%2FCBD/data=!4m10!3m9!1s0x8620a60b38beacbd:0x941f66bf836e38b7!5m2!4m1!1i2!8m2!3d29.9524592!4d-90.071799!16s%2Fg%2F1v3lq9ft!19sChIJvay-OAumIIYRtzhug79mH5Q?authuser=0&hl=zh-CN&rclk=1,29.9524592,-90.071799,1168.3910643858705,
New Orleans Saints,Caesars Superdome,Louisiana,29.9510656,-90.0838191,新奥尔良洲际酒店,https://www.google.com/maps/place/%E6%96%B0%E5%A5%A5%E5%B0%94%E8%89%AF%E6%B4%B2%E9%99%85%E9%85%92%E5%BA%97/data=!4m10!3m9!1s0x8620a674a5912e7b:0x3dc12cee3a536bab!5m2!4m1!1i2!8m2!3d29.9502796!4d-90.069682!16s%2Fg%2F12hsmwscc!19sChIJey6RpXSmIIYRq2tTOu4swT0?authuser=0&hl=zh-CN&rclk=1,29.9502796,-90.069682,1364.8466325877048,
New Orleans Saints,Caesars Superdome,Louisiana,29.9510656,-90.0838191,希尔顿新奥尔良圣查尔斯大道酒店,https://www.google.com/maps/place/%E5%B8%8C%E5%B0%94%E9%A1%BF%E6%96%B0%E5%A5%A5%E5%B0%94%E8%89%AF%E5%9C%A3%E6%9F%A5%E5%B0%94%E6%96%AF%E5%A4%A7%E9%81%93%E9%85%92%E5%BA%97/data=!4m10!3m9!1s0x8620a674ab92e07f:0xa8a512219c7aa73f!5m2!4m1!1i2!8m2!3d29.9506561!4d-90.0705314!16s%2Fm%2F03c_kxf!19sChIJf-CSq3SmIIYRP6d6nCESpag?authuser=0&hl=zh-CN&rclk=1,29.9506561,-90.0705314,1281.016680405191,
New Orleans Saints,Caesars Superdome,Louisiana,29.9510656,-90.0838191,海厄特豪斯新奥尔良/唐敦,https://www.google.com/maps/place/%E6%B5%B7%E5%8E%84%E7%89%B9%E8%B1%AA%E6%96%AF%E6%96%B0%E5%A5%A5%E5%B0%94%E8%89%AF%2F%E5%94%90%E6%95%A6/data=!4m10!3m9!1s0x8620a5e07f182655:0x21d50de127ab4a7e!5m2!4m1!1i2!8m2!3d29.9507683!4d-90.0767572!16s%2Fg%2F11btv6bdd4!19sChIJVSYYf-ClIIYRfkqrJ-EN1SE?authuser=0&hl=zh-CN&rclk=1,29.9507683,-90.0767572,681.1829798562495,
New Orleans Saints,Caesars Superdome,Louisiana,29.9510656,-90.0838191,希尔顿新奥尔良里弗赛德,https://www.google.com/maps/place/%E5%B8%8C%E5%B0%94%E9%A1%BF%E6%96%B0%E5%A5%A5%E5%B0%94%E8%89%AF%E9%87%8C%E5%BC%97%E8%B5%9B%E5%BE%B7/data=!4m10!3m9!1s0x8620a66d0a9aa7bd:0x327a2e1b2d5ecde0!5m2!4m1!1i2!8m2!3d29.9475062!4d-90.063454!16s%2Fm%2F02pq207!19sChIJvaeaCm2mIIYR4M1eLRsuejI?authuser=0&hl=zh-CN&rclk=1,29.9475062,-90.063454,2001.6323873640172,
New York Giants,MetLife Stadium,New Jersey,40.8135104,-74.0770319,Candlewood Suites Secaucus - Meadowlands by IHG,https://www.google.com/maps/place/Candlewood+Suites+Secaucus+-+Meadowlands+by+IHG/data=!4m10!3m9!1s0x89c257a37e2d990b:0x8b5b56aeee3366ac!5m2!4m1!1i2!8m2!3d40.773484!4d-74.059346!16s%2Fg%2F1wj_6yqj!19sChIJC5ktfqNXwokRrGYz7q5WW4s?authuser=0&hl=zh-CN&rclk=1,40.773484,-74.059346,4693.1505306171675,
New York Giants,MetLife Stadium,New Jersey,40.8135104,-74.0770319,梅多兰兹万丽酒店,https://www.google.com/maps/place/%E6%A2%85%E5%A4%9A%E5%85%B0%E5%85%B9%E4%B8%87%E4%B8%BD%E9%85%92%E5%BA%97/data=!4m10!3m9!1s0x89c2561e28953c67:0x7ec2db7d77c7363e!5m2!4m1!1i2!8m2!3d40.811504!4d-74.104088!16s%2Fg%2F1tz76wz2!19sChIJZzyVKB5WwokRPjbHd33bwn4?authuser=0&hl=zh-CN&rclk=1,40.811504,-74.104088,2287.894966517424,
New York Giants,MetLife Stadium,New Jersey,40.8135104,-74.0770319,梅多兰兹希尔顿酒店,https://www.google.com/maps/place/%E6%A2%85%E5%A4%9A%E5%85%B0%E5%85%B9%E5%B8%8C%E5%B0%94%E9%A1%BF%E9%85%92%E5%BA%97/data=!4m10!3m9!1s0x89c257d534f587a9:0xc1913bca390e84f9!5m2!4m1!1i2!8m2!3d40.8052015!4d-74.0781257!16s%2Fm%2F0wfk0tt!19sChIJqYf1NNVXwokR-YQOOco7kcE?authuser=0&hl=zh-CN&rclk=1,40.8052015,-74.0781257,928.4823776261811,
New York Giants,MetLife Stadium,New Jersey,40.8135104,-74.0770319,梅多兰兹汉普顿酒店,https://www.google.com/maps/place/%E6%A2%85%E5%A4%9A%E5%85%B0%E5%85%B9%E6%B1%89%E6%99%AE%E9%A1%BF%E9%85%92%E5%BA%97/data=!4m10!3m9!1s0x89c2577041d10fa3:0xe3989242a1628217!5m2!4m1!1i2!8m2!3d40.8216161!4d-74.0689337!16s%2Fg%2F1tl9ngz8!19sChIJow_RQXBXwokRF4JioUKSmOM?authuser=0&hl=zh-CN&rclk=1,40.8216161,-74.0689337,1129.945259236588,
New York Giants,MetLife Stadium,New Jersey,40.8135104,-74.0770319,Extended Stay America Suites- Meadowlands - East Rutherford,https://www.google.com/maps/place/Extended+Stay+America+Suites-+Meadowlands+-+East+Rutherford/data=!4m10!3m9!1s0x89c257d521232937:0x77cc76e1537871a4!5m2!4m1!1i2!8m2!3d40.805519!4d-74.0758491!16s%2Fg%2F1264jd6v_!19sChIJNykjIdVXwokRpHF4U-F2zHc?authuser=0&hl=zh-CN&rclk=1,40.805519,-74.0758491,894.1616684384055,
New York Giants,MetLife Stadium,New Jersey,40.8135104,-74.0770319,SpringHill Suites by Marriott East Rutherford Meadowlands/Carlstadt,https://www.google.com/maps/place/SpringHill+Suites+by+Marriott+East+Rutherford+Meadowlands%2FCarlstadt/data=!4m10!3m9!1s0x89c2f94ff336b857:0x9e5213897fdaa31f!5m2!4m1!1i2!8m2!3d40.8241337!4d-74.0730281!16s%2Fg%2F11hxzwkhpj!19sChIJV7g280_5wokRH6Paf4kTUp4?authuser=0&hl=zh-CN&rclk=1,40.8241337,-74.0730281,1228.3662121779653,
New York Giants,MetLife Stadium,New Jersey,40.8135104,-74.0770319,Super 8 by Wyndham Meadowlands,https://www.google.com/maps/place/Super+8+by+Wyndham+Meadowlands/data=!4m10!3m9!1s0x89c2f86f6ab38225:0x720bc0cd78a667c2!5m2!4m1!1i2!8m2!3d40.81955!4d-74.0637777!16s%2Fg%2F11rf6s377t!19sChIJJYKzam_4wokRwmemeM3AC3I?authuser=0&hl=zh-CN&rclk=1,40.81955,-74.0637777,1301.9545001935244,
New York Jets,MetLife Stadium,New Jersey,40.8135104,-74.0770319,Candlewood Suites Secaucus - Meadowlands by IHG,https://www.google.com/maps/place/Candlewood+Suites+Secaucus+-+Meadowlands+by+IHG/data=!4m10!3m9!1s0x89c257a37e2d990b:0x8b5b56aeee3366ac!5m2!4m1!1i2!8m2!3d40.773484!4d-74.059346!16s%2Fg%2F1wj_6yqj!19sChIJC5ktfqNXwokRrGYz7q5WW4s?authuser=0&hl=zh-CN&rclk=1,40.773484,-74.059346,4693.1505306171675,
New York Jets,MetLife Stadium,New Jersey,40.8135104,-74.0770319,梅多兰兹万丽酒店,https://www.google.com/maps/place/%E6%A2%85%E5%A4%9A%E5%85%B0%E5%85%B9%E4%B8%87%E4%B8%BD%E9%85%92%E5%BA%97/data=!4m10!3m9!1s0x89c2561e28953c67:0x7ec2db7d77c7363e!5m2!4m1!1i2!8m2!3d40.811504!4d-74.104088!16s%2Fg%2F1tz76wz2!19sChIJZzyVKB5WwokRPjbHd33bwn4?authuser=0&hl=zh-CN&rclk=1,40.811504,-74.104088,2287.894966517424,
New York Jets,MetLife Stadium,New Jersey,40.8135104,-74.0770319,梅多兰兹希尔顿酒店,https://www.google.com/maps/place/%E6%A2%85%E5%A4%9A%E5%85%B0%E5%85%B9%E5%B8%8C%E5%B0%94%E9%A1%BF%E9%85%92%E5%BA%97/data=!4m10!3m9!1s0x89c257d534f587a9:0xc1913bca390e84f9!5m2!4m1!1i2!8m2!3d40.8052015!4d-74.0781257!16s%2Fm%2F0wfk0tt!19sChIJqYf1NNVXwokR-YQOOco7kcE?authuser=0&hl=zh-CN&rclk=1,40.8052015,-74.0781257,928.4823776261811,
New York Jets,MetLife Stadium,New Jersey,40.8135104,-74.0770319,梅多兰兹汉普顿酒店,https://www.google.com/maps/place/%E6%A2%85%E5%A4%9A%E5%85%B0%E5%85%B9%E6%B1%89%E6%99%AE%E9%A1%BF%E9%85%92%E5%BA%97/data=!4m10!3m9!1s0x89c2577041d10fa3:0xe3989242a1628217!5m2!4m1!1i2!8m2!3d40.8216161!4d-74.0689337!16s%2Fg%2F1tl9ngz8!19sChIJow_RQXBXwokRF4JioUKSmOM?authuser=0&hl=zh-CN&rclk=1,40.8216161,-74.0689337,1129.945259236588,
New York Jets,MetLife Stadium,New Jersey,40.8135104,-74.0770319,Extended Stay America Suites- Meadowlands - East Rutherford,https://www.google.com/maps/place/Extended+Stay+America+Suites-+Meadowlands+-+East+Rutherford/data=!4m10!3m9!1s0x89c257d521232937:0x77cc76e1537871a4!5m2!4m1!1i2!8m2!3d40.805519!4d-74.0758491!16s%2Fg%2F1264jd6v_!19sChIJNykjIdVXwokRpHF4U-F2zHc?authuser=0&hl=zh-CN&rclk=1,40.805519,-74.0758491,894.1616684384055,
New York Jets,MetLife Stadium,New Jersey,40.8135104,-74.0770319,SpringHill Suites by Marriott East Rutherford Meadowlands/Carlstadt,https://www.google.com/maps/place/SpringHill+Suites+by+Marriott+East+Rutherford+Meadowlands%2FCarlstadt/data=!4m10!3m9!1s0x89c2f94ff336b857:0x9e5213897fdaa31f!5m2!4m1!1i2!8m2!3d40.8241337!4d-74.0730281!16s%2Fg%2F11hxzwkhpj!19sChIJV7g280_5wokRH6Paf4kTUp4?authuser=0&hl=zh-CN&rclk=1,40.8241337,-74.0730281,1228.3662121779653,
New York Jets,MetLife Stadium,New Jersey,40.8135104,-74.0770319,Super 8 by Wyndham Meadowlands,https://www.google.com/maps/place/Super+8+by+Wyndham+Meadowlands/data=!4m10!3m9!1s0x89c2f86f6ab38225:0x720bc0cd78a667c2!5m2!4m1!1i2!8m2!3d40.81955!4d-74.0637777!16s%2Fg%2F11rf6s377t!19sChIJJYKzam_4wokRwmemeM3AC3I?authuser=0&hl=zh-CN&rclk=1,40.81955,-74.0637777,1301.9545001935244,
Pittsburgh Steelers,Acrisure Stadium,Pennsylvania,40.4467689,-80.0183352,匹兹堡市中心希尔顿花园酒店,https://www.google.com/maps/place/%E5%8C%B9%E5%85%B9%E5%A0%A1%E5%B8%82%E4%B8%AD%E5%BF%83%E5%B8%8C%E5%B0%94%E9%A1%BF%E8%8A%B1%E5%9B%AD%E9%85%92%E5%BA%97/data=!4m10!3m9!1s0x8834f156c6e79cf7:0xd7d0e7e692e90d14!5m2!4m1!1i2!8m2!3d40.440275!4d-80.001577!16s%2Fg%2F11c3yncnq6!19sChIJ95znxlbxNIgRFA3pkubn0Nc?authuser=0&hl=zh-CN&rclk=1,40.440275,-80.001577,1591.4051545800705,
Pittsburgh Steelers,Acrisure Stadium,Pennsylvania,40.4467689,-80.0183352,Comfort Inn & Suites Pittsburgh-Northshore,https://www.google.com/maps/place/Comfort+Inn+%26+Suites+Pittsburgh-Northshore/data=!4m10!3m9!1s0x8834f3eff34165ff:0xc89dc08b60ef318f!5m2!4m1!1i2!8m2!3d40.454456!4d-79.996266!16s%2Fg%2F11fqpdt22x!19sChIJ_2VB8-_zNIgRjzHvYIvAncg?authuser=0&hl=zh-CN&rclk=1,40.454456,-79.996266,2053.7271532916666,
Pittsburgh Steelers,Acrisure Stadium,Pennsylvania,40.4467689,-80.0183352,Residence Inn by Marriott Pittsburgh North Shore,https://www.google.com/maps/place/Residence+Inn+by+Marriott+Pittsburgh+North+Shore/data=!4m10!3m9!1s0x8834f3ff0e544829:0xeccb86485599a3c7!5m2!4m1!1i2!8m2!3d40.4479064!4d-80.0072104!16s%2Fg%2F1v3knqqr!19sChIJKUhUDv_zNIgRx6OZVUiGy-w?authuser=0&hl=zh-CN&rclk=1,40.4479064,-80.0072104,949.8356688600272,
Pittsburgh Steelers,Acrisure Stadium,Pennsylvania,40.4467689,-80.0183352,The Landing Hotel Pittsburgh,https://www.google.com/maps/place/The+Landing+Hotel+Pittsburgh/data=!4m10!3m9!1s0x8834f56293b33075:0x815461caafb7b1fd!5m2!4m1!1i2!8m2!3d40.4465264!4d-80.0211196!16s%2Fg%2F11t1c51rsq!19sChIJdTCzk2L1NIgR_bG3r8phVIE?authuser=0&hl=zh-CN&rclk=1,40.4465264,-80.0211196,237.15524964879103,
Pittsburgh Steelers,Acrisure Stadium,Pennsylvania,40.4467689,-80.0183352,凯悦嘉轩匹兹堡北岸店,https://www.google.com/maps/place/%E5%87%AF%E6%82%A6%E5%98%89%E8%BD%A9%E5%8C%B9%E5%85%B9%E5%A0%A1%E5%8C%97%E5%B2%B8%E5%BA%97/data=!4m10!3m9!1s0x8834f3ff8b652af1:0xc8d7f9335297cea8!5m2!4m1!1i2!8m2!3d40.4467424!4d-80.0089686!16s%2Fg%2F1tcxkf25!19sChIJ8Spli__zNIgRqM6XUjP518g?authuser=0&hl=zh-CN&rclk=1,40.4467424,-80.0089686,792.6105219920794,
Pittsburgh Steelers,Acrisure Stadium,Pennsylvania,40.4467689,-80.0183352,万豪匹兹堡北岸春季山丘套房酒店,https://www.google.com/maps/place/%E4%B8%87%E8%B1%AA%E5%8C%B9%E5%85%B9%E5%A0%A1%E5%8C%97%E5%B2%B8%E6%98%A5%E5%AD%A3%E5%B1%B1%E4%B8%98%E5%A5%97%E6%88%BF%E9%85%92%E5%BA%97/data=!4m10!3m9!1s0x8834f3fec00ddd47:0x38e13a5dcb64ce3d!5m2!4m1!1i2!8m2!3d40.4485871!4d-80.0046173!16s%2Fg%2F1tg5crzs!19sChIJR90NwP7zNIgRPc5ky1064Tg?authuser=0&hl=zh-CN&rclk=1,40.4485871,-80.0046173,1178.2723888623784,
Pittsburgh Steelers,Acrisure Stadium,Pennsylvania,40.4467689,-80.0183352,Holiday Inn Express & Suites Pittsburgh North Shore by IHG,https://www.google.com/maps/place/Holiday+Inn+Express+%26+Suites+Pittsburgh+North+Shore+by+IHG/data=!4m10!3m9!1s0x8834f3febe4e2a33:0x34b6fe08a1b284dc!5m2!4m1!1i2!8m2!3d40.4489372!4d-80.0041225!16s%2Fg%2F11b7ljl6_t!19sChIJMypOvv7zNIgR3ISyoQj-tjQ?authuser=0&hl=zh-CN&rclk=1,40.4489372,-80.0041225,1226.5937028971732,
San Francisco 49ers,Levi's Stadium,California,37.4033207,-121.9719523,Hampton Inn & Suites Mountain View,https://www.google.com/maps/place/Hampton+Inn+%26+Suites+Mountain+View/data=!4m10!3m9!1s0x808fb749d723cee1:0xc7d978e934c5a2ca!5m2!4m1!1i2!8m2!3d37.398843!4d-122.075781!16s%2Fg%2F1tdf1lf5!19sChIJ4c4j10m3j4ARyqLFNOl42cc?authuser=0&hl=zh-CN&rclk=1,37.398843,-122.075781,9185.06717084822,
San Francisco 49ers,Levi's Stadium,California,37.4033207,-121.9719523,Hampton Inn & Suites Sunnyvale Silicon Valley,https://www.google.com/maps/place/Hampton+Inn+%26+Suites+Sunnyvale+Silicon+Valley/data=!4m10!3m9!1s0x808fb5e7522a190b:0x3ac20c689423d3f8!5m2!4m1!1i2!8m2!3d37.354224!4d-122.014996!16s%2Fg%2F11nnq7bmxy!19sChIJCxkqUue1j4AR-NMjlGgMwjo?authuser=0&hl=zh-CN&rclk=1,37.354224,-122.014996,6653.522879655481,
San Francisco 49ers,Levi's Stadium,California,37.4033207,-121.9719523,希尔顿圣克拉拉,https://www.google.com/maps/place/%E5%B8%8C%E5%B0%94%E9%A1%BF%E5%9C%A3%E5%85%8B%E6%8B%89%E6%8B%89/data=!4m10!3m9!1s0x808fc9cedb6577cb:0xdcbbceebfc958cab!5m2!4m1!1i2!8m2!3d37.4026274!4d-121.9768768!16s%2Fg%2F1vgw8w1t!19sChIJy3dl287Jj4ARq4yV_OvOu9w?authuser=0&hl=zh-CN&rclk=1,37.4026274,-121.9768768,441.76634408069197,
San Francisco 49ers,Levi's Stadium,California,37.4033207,-121.9719523,Hyatt Regency Santa Clara,https://www.google.com/maps/place/Hyatt+Regency+Santa+Clara/data=!4m10!3m9!1s0x808fc9c671bf5d63:0x41143de25661b172!5m2!4m1!1i2!8m2!3d37.4051338!4d-121.9769213!16s%2Fm%2F010jcvw8!19sChIJY12_ccbJj4ARcrFhVuI9FEE?authuser=0&hl=zh-CN&rclk=1,37.4051338,-121.9769213,482.9996531993308,
San Francisco 49ers,Levi's Stadium,California,37.4033207,-121.9719523,美洲长住酒店 - 圣何塞 - 圣克拉拉,https://www.google.com/maps/place/%E7%BE%8E%E6%B4%B2%E9%95%BF%E4%BD%8F%E9%85%92%E5%BA%97+-+%E5%9C%A3%E4%BD%95%E5%A1%9E+-+%E5%9C%A3%E5%85%8B%E6%8B%89%E6%8B%89/data=!4m10!3m9!1s0x808fc8371273fab1:0xcc2843b10c4af70a!5m2!4m1!1i2!8m2!3d37.4195888!4d-121.9756984!16s%2Fg%2F1tcxpxnf!19sChIJsfpzEjfIj4ARCvdKDLFDKMw?authuser=0&hl=zh-CN&rclk=1,37.4195888,-121.9756984,1838.939154038003,
San Francisco 49ers,Levi's Stadium,California,37.4033207,-121.9719523,Aloft Santa Clara,https://www.google.com/maps/place/Aloft+Santa+Clara/data=!4m10!3m9!1s0x808fc8307fa922a5:0xb4a5358a8bf99d9c!5m2!4m1!1i2!8m2!3d37.417846!4d-121.976453!16s%2Fg%2F11cnnyh4gc!19sChIJpSKpfzDIj4ARnJ35i4o1pbQ?authuser=0&hl=zh-CN&rclk=1,37.417846,-121.976453,1663.3377372964178,
San Francisco 49ers,Levi's Stadium,California,37.4033207,-121.9719523,"Avatar Hotel Santa Clara, Tapestry Collection by Hilton","https://www.google.com/maps/place/Avatar+Hotel+Santa+Clara,+Tapestry+Collection+by+Hilton/data=!4m10!3m9!1s0x808fc9c23f13f4ed:0xa1670476e196cc98!5m2!4m1!1i2!8m2!3d37.3915689!4d-121.97714!16s%2Fm%2F098jfdd!19sChIJ7fQTP8LJj4ARmMyW4XYEZ6E?authuser=0&hl=zh-CN&rclk=1",37.3915689,-121.97714,1384.768084065312,
Seattle Seahawks,Lumen Field,Washington,47.5951554,-122.3342143,希尔顿加登因西雅图唐敦,https://www.google.com/maps/place/%E5%B8%8C%E5%B0%94%E9%A1%BF%E5%8A%A0%E7%99%BB%E5%9B%A0%E8%A5%BF%E9%9B%85%E5%9B%BE%E5%94%90%E6%95%A6/data=!4m10!3m9!1s0x54901535753f36ed:0x18ffa02d7fe5db85!5m2!4m1!1i2!8m2!3d47.616495!4d-122.332458!16s%2Fg%2F11btx5z2b6!19sChIJ7TY_dTUVkFQRhdvlfy2g_xg?authuser=0&hl=zh-CN&rclk=1,47.616495,-122.332458,2376.5056933294754,
Seattle Seahawks,Lumen Field,Washington,47.5951554,-122.3342143,EVEN Hotel Seattle Downtown - Lake Union by IHG,https://www.google.com/maps/place/EVEN+Hotel+Seattle+Downtown+-+Lake+Union+by+IHG/data=!4m10!3m9!1s0x54901530aaf4802f:0xef44fa20c799c358!5m2!4m1!1i2!8m2!3d47.624048!4d-122.334566!16s%2Fg%2F11f3wb6csl!19sChIJL4D0qjAVkFQRWMOZxyD6RO8?authuser=0&hl=zh-CN&rclk=1,47.624048,-122.334566,3212.8187197419443,
Seattle Seahawks,Lumen Field,Washington,47.5951554,-122.3342143,Silver Cloud Hotel - Seattle Stadium,https://www.google.com/maps/place/Silver+Cloud+Hotel+-+Seattle+Stadium/data=!4m10!3m9!1s0x54906aa1f3a2844b:0x4ba85c7218d628a4!5m2!4m1!1i2!8m2!3d47.59258!4d-122.333692!16s%2Fg%2F1thtcv87!19sChIJS4Si86FqkFQRpCjWGHJcqEs?authuser=0&hl=zh-CN&rclk=1,47.59258,-122.333692,289.0373195149347,
Seattle Seahawks,Lumen Field,Washington,47.5951554,-122.3342143,西雅图市中心先锋广场希尔顿合博套房酒店,https://www.google.com/maps/place/%E8%A5%BF%E9%9B%85%E5%9B%BE%E5%B8%82%E4%B8%AD%E5%BF%83%E5%85%88%E9%94%8B%E5%B9%BF%E5%9C%BA%E5%B8%8C%E5%B0%94%E9%A1%BF%E5%90%88%E5%8D%9A%E5%A5%97%E6%88%BF%E9%85%92%E5%BA%97/data=!4m10!3m9!1s0x54906aa4ac3ccf07:0x98b769ca7b513a4b!5m2!4m1!1i2!8m2!3d47.5980781!4d-122.33093!16s%2Fg%2F11g8n6c80b!19sChIJB888rKRqkFQRSzpRe8ppt5g?authuser=0&hl=zh-CN&rclk=1,47.5980781,-122.33093,407.75822376326965,
Seattle Seahawks,Lumen Field,Washington,47.5951554,-122.3342143,先锋广场贝斯特韦斯特优质酒店,https://www.google.com/maps/place/%E5%85%88%E9%94%8B%E5%B9%BF%E5%9C%BA%E8%B4%9D%E6%96%AF%E7%89%B9%E9%9F%A6%E6%96%AF%E7%89%B9%E4%BC%98%E8%B4%A8%E9%85%92%E5%BA%97/data=!4m10!3m9!1s0x54906aa553d6afc5:0x916600ee5b689a73!5m2!4m1!1i2!8m2!3d47.6015612!4d-122.3353001!16s%2Fg%2F1tffz63l!19sChIJxa_WU6VqkFQRc5poW-4AZpE?authuser=0&hl=zh-CN&rclk=1,47.6015612,-122.3353001,716.9302008437111,
Seattle Seahawks,Lumen Field,Washington,47.5951554,-122.3342143,citizenM Seattle Pioneer Square hotel,https://www.google.com/maps/place/citizenM+Seattle+Pioneer+Square+hotel/data=!4m10!3m9!1s0x54906ab000a54269:0xcd947a32315a7581!5m2!4m1!1i2!8m2!3d47.6020816!4d-122.3358809!16s%2Fg%2F11smypvw7r!19sChIJaUKlALBqkFQRgXVaMTJ6lM0?authuser=0&hl=zh-CN&rclk=1,47.6020816,-122.3358809,780.2305024043137,
Seattle Seahawks,Lumen Field,Washington,47.5951554,-122.3342143,太平洋行政酒店,https://www.google.com/maps/place/%E5%A4%AA%E5%B9%B3%E6%B4%8B%E8%A1%8C%E6%94%BF%E9%85%92%E5%BA%97/data=!4m10!3m9!1s0x54906ab14f44da61:0x68ce307bb90ab11b!5m2!4m1!1i2!8m2!3d47.6070892!4d-122.333406!16zL20vMDRkMHlz!19sChIJYdpET7FqkFQRG7EKuXswzmg?authuser=0&hl=zh-CN&rclk=1,47.6070892,-122.333406,1328.3612183454145,
Tampa Bay Buccaneers,Raymond James Stadium,Florida,27.9758738,-82.5059093,Holiday Inn Express & Suites Tampa Stadium - Airport Area by IHG,https://www.google.com/maps/place/Holiday+Inn+Express+%26+Suites+Tampa+Stadium+-+Airport+Area+by+IHG/data=!4m10!3m9!1s0x88c2c3a4282b5ba9:0xc9feb6a2b5b3054!5m2!4m1!1i2!8m2!3d27.960837!4d-82.504542!16s%2Fg%2F11vdkn26_n!19sChIJqVsrKKTDwogRVDBbK2rrnww?authuser=0&hl=zh-CN&rclk=1,27.960837,-82.504542,1677.3992320776313,
Tampa Bay Buccaneers,Raymond James Stadium,Florida,27.9758738,-82.5059093,坦帕国际机场/西岸汉普顿酒店,https://www.google.com/maps/place/%E5%9D%A6%E5%B8%95%E5%9B%BD%E9%99%85%E6%9C%BA%E5%9C%BA%2F%E8%A5%BF%E5%B2%B8%E6%B1%89%E6%99%AE%E9%A1%BF%E9%85%92%E5%BA%97/data=!4m10!3m9!1s0x88c2c2562670387d:0xecf94791940a4405!5m2!4m1!1i2!8m2!3d27.95648!4d-82.525905!16s%2Fg%2F1td4fbdn!19sChIJfThwJlbCwogRBUQKlJFH-ew?authuser=0&hl=zh-CN&rclk=1,27.95648,-82.525905,2916.657074487342,
Tampa Bay Buccaneers,Raymond James Stadium,Florida,27.9758738,-82.5059093,坦帕体育馆酒店,https://www.google.com/maps/place/%E5%9D%A6%E5%B8%95%E4%BD%93%E8%82%B2%E9%A6%86%E9%85%92%E5%BA%97/data=!4m10!3m9!1s0x88c2c3c503174d55:0x9031b4eba8b1adf2!5m2!4m1!1i2!8m2!3d27.9876924!4d-82.5068991!16s%2Fg%2F1tltn4l1!19sChIJVU0XA8XDwogR8q2xqOu0MZA?authuser=0&hl=zh-CN&rclk=1,27.9876924,-82.5068991,1317.75764387323,
Tampa Bay Buccaneers,Raymond James Stadium,Florida,27.9758738,-82.5059093,西岸坦帕机场希尔顿酒店,https://www.google.com/maps/place/%E8%A5%BF%E5%B2%B8%E5%9D%A6%E5%B8%95%E6%9C%BA%E5%9C%BA%E5%B8%8C%E5%B0%94%E9%A1%BF%E9%85%92%E5%BA%97/data=!4m10!3m9!1s0x88c2c3aea17cf99f:0x4b7eb57c84baf4a3!5m2!4m1!1i2!8m2!3d27.9624726!4d-82.5127302!16s%2Fg%2F1wnbyt14!19sChIJn_l8oa7DwogRo_S6hHy1fks?authuser=0&hl=zh-CN&rclk=1,27.9624726,-82.5127302,1633.783764070024,
Tampa Bay Buccaneers,Raymond James Stadium,Florida,27.9758738,-82.5059093,Holiday Inn Express & Suites Tampa Stadium - Airport Area by IHG,https://www.google.com/maps/place/Holiday+Inn+Express+%26+Suites+Tampa+Stadium+-+Airport+Area+by+IHG/data=!4m10!3m9!1s0x88c2c3a67f92893d:0xc9feb6a2b5b3054!5m2!4m1!1i2!8m2!3d27.9608368!4d-82.5045423!16s%2Fg%2F11vdkn26_n!19sChIJPYmSf6bDwogRVDBbK2rrnww?authuser=0&hl=zh-CN&rclk=1,27.9608368,-82.5045423,1677.419041449302,
Tampa Bay Buccaneers,Raymond James Stadium,Florida,27.9758738,-82.5059093,Econo Lodge Airport @ RJ Stadium,https://www.google.com/maps/place/Econo+Lodge+Airport+@+RJ+Stadium/data=!4m10!3m9!1s0x88c2c3c5a5c967e7:0x8ff27804eb6e38bc!5m2!4m1!1i2!8m2!3d27.986672!4d-82.5070624!16s%2Fg%2F11b5z_zsxw!19sChIJ52fJpcXDwogRvDhu6wR48o8?authuser=0&hl=zh-CN&rclk=1,27.986672,-82.5070624,1206.0322194361402,
Tampa Bay Buccaneers,Raymond James Stadium,Florida,27.9758738,-82.5059093,坦帕机场/韦斯特舒尔希尔顿花园酒店,https://www.google.com/maps/place/%E5%9D%A6%E5%B8%95%E6%9C%BA%E5%9C%BA%2F%E9%9F%A6%E6%96%AF%E7%89%B9%E8%88%92%E5%B0%94%E5%B8%8C%E5%B0%94%E9%A1%BF%E8%8A%B1%E5%9B%AD%E9%85%92%E5%BA%97/data=!4m10!3m9!1s0x88c2c258bf13fcf5:0xb67e241a11351a2f!5m2!4m1!1i2!8m2!3d27.9576965!4d-82.5333875!16s%2Fg%2F1tmk98k7!19sChIJ9fwTv1jCwogRLxo1ERokfrY?authuser=0&hl=zh-CN&rclk=1,27.9576965,-82.5333875,3371.6318949578636,
Tampa Bay Buccaneers,Raymond James Stadium,Florida,27.9758738,-82.5059093,坦帕西岸/机场万豪费尔菲尔德客栈,https://www.google.com/maps/place/%E5%9D%A6%E5%B8%95%E8%A5%BF%E5%B2%B8%2F%E6%9C%BA%E5%9C%BA%E4%B8%87%E8%B1%AA%E8%B4%B9%E5%B0%94%E8%8F%B2%E5%B0%94%E5%BE%B7%E5%AE%A2%E6%A0%88/data=!4m10!3m9!1s0x88c2c3abf9f29193:0x29740343506ef468!5m2!4m1!1i2!8m2!3d27.9617155!4d-82.5129046!16s%2Fg%2F11bx1zs317!19sChIJk5Hy-avDwogRaPRuUEMDdCk?authuser=0&hl=zh-CN&rclk=1,27.9617155,-82.5129046,1717.6952725577219,
Tennessee Titans,Nissan Stadium,Tennessee,36.1664733,-86.7738744,Holiday Inn Express & Suites Nashville-Opryland by IHG,https://www.google.com/maps/place/Holiday+Inn+Express+%26+Suites+Nashville-Opryland+by+IHG/data=!4m10!3m9!1s0x8864427ff41b8b9b:0xe8b5df3fab7da7c0!5m2!4m1!1i2!8m2!3d36.21804!4d-86.700425!16s%2Fg%2F1tdz0pm_!19sChIJm4sb9H9CZIgRwKd9qz_fteg?authuser=0&hl=zh-CN&rclk=1,36.21804,-86.700425,8736.299286679883,
Tennessee Titans,Nissan Stadium,Tennessee,36.1664733,-86.7738744,"Country Inn & Suites by Radisson, Nashville, TN","https://www.google.com/maps/place/Country+Inn+%26+Suites+by+Radisson,+Nashville,+TN/data=!4m10!3m9!1s0x886442792642f4fb:0x7e4288eb77221145!5m2!4m1!1i2!8m2!3d36.220585!4d-86.695618!16s%2Fg%2F1w04kvdc!19sChIJ-_RCJnlCZIgRRREid-uIQn4?authuser=0&hl=zh-CN&rclk=1",36.220585,-86.695618,9247.67012245232,
Tennessee Titans,Nissan Stadium,Tennessee,36.1664733,-86.7738744,Comfort Inn & Suites Nashville Downtown - Stadium,https://www.google.com/maps/place/Comfort+Inn+%26+Suites+Nashville+Downtown+-+Stadium/data=!4m10!3m9!1s0x8864664ecf8c4623:0x1c9c90220bcaaa0f!5m2!4m1!1i2!8m2!3d36.1688338!4d-86.7669109!16s%2Fg%2F11cn6pkqx2!19sChIJI0aMz05mZIgRD6rKCyKQnBw?authuser=0&hl=zh-CN&rclk=1,36.1688338,-86.7669109,677.9628977281579,
Tennessee Titans,Nissan Stadium,Tennessee,36.1664733,-86.7738744,La Quinta Inn & Suites by Wyndham Nashville,https://www.google.com/maps/place/La+Quinta+Inn+%26+Suites+by+Wyndham+Nashville/data=!4m10!3m9!1s0x8864677067d94047:0x3c04dabdd0bab0b2!5m2!4m1!1i2!8m2!3d36.1679851!4d-86.76619!16s%2Fg%2F11mbrwn3c3!19sChIJR0DZZ3BnZIgRsrC60L3aBDw?authuser=0&hl=zh-CN&rclk=1,36.1679851,-86.76619,709.9968018063018,
Tennessee Titans,Nissan Stadium,Tennessee,36.1664733,-86.7738744,DoubleTree by Hilton Hotel Nashville Downtown,https://www.google.com/maps/place/DoubleTree+by+Hilton+Hotel+Nashville+Downtown/data=!4m10!3m9!1s0x88646658219a93b7:0x3da6b57fbed02ba7!5m2!4m1!1i2!8m2!3d36.1654255!4d-86.7805083!16s%2Fg%2F11h0qft46!19sChIJt5OaIVhmZIgRpyvQvn-1pj0?authuser=0&hl=zh-CN&rclk=1,36.1654255,-86.7805083,606.8082157236821,
Tennessee Titans,Nissan Stadium,Tennessee,36.1664733,-86.7738744,Drift Nashville,https://www.google.com/maps/place/Drift+Nashville/data=!4m10!3m9!1s0x8864673d5f090687:0x906bcaff9f76d40b!5m2!4m1!1i2!8m2!3d36.1721017!4d-86.7697993!16s%2Fg%2F11y1gw8c_p!19sChIJhwYJXz1nZIgRC9R2n__Ka5A?authuser=0&hl=zh-CN&rclk=1,36.1721017,-86.7697993,724.9127550110774,
Tennessee Titans,Nissan Stadium,Tennessee,36.1664733,-86.7738744,Holiday Inn Nashville Downtown - Stadium by IHG,https://www.google.com/maps/place/Holiday+Inn+Nashville+Downtown+-+Stadium+by+IHG/data=!4m10!3m9!1s0x88646652e0060aa5:0xb84c085b0da5ddea!5m2!4m1!1i2!8m2!3d36.1747248!4d-86.7736115!16s%2Fg%2F11w3p3zdw4!19sChIJpQoG4FJmZIgR6t2lDVsITLg?authuser=0&hl=zh-CN&rclk=1,36.1747248,-86.7736115,917.8283695179982,
Washington Commanders,Commanders Field,Maryland,38.9081365,-76.8665633,Hampton Inn Alexandria/Pentagon South,https://www.google.com/maps/place/Hampton+Inn+Alexandria%2FPentagon+South/data=!4m10!3m9!1s0x89b7b3fb1e87ca83:0x3713cfd919bcec9e!5m2!4m1!1i2!8m2!3d38.844299!4d-77.110931!16s%2Fg%2F1w8wbxsq!19sChIJg8qHHvuzt4kRnuy8GdnPEzc?authuser=0&hl=zh-CN&rclk=1,38.844299,-77.110931,22313.05553591351,
Washington Commanders,Commanders Field,Maryland,38.9081365,-76.8665633,舍尔灵顿希尔顿花园旅馆,https://www.google.com/maps/place/%E8%88%8D%E5%B0%94%E7%81%B5%E9%A1%BF%E5%B8%8C%E5%B0%94%E9%A1%BF%E8%8A%B1%E5%9B%AD%E6%97%85%E9%A6%86/data=!4m10!3m9!1s0x89b7b14fbe704e2b:0xd47592f9107ab4aa!5m2!4m1!1i2!8m2!3d38.841696!4d-77.089219!16s%2Fg%2F1tdrg7q3!19sChIJK05wvk-xt4kRqrR6EPmSddQ?authuser=0&hl=zh-CN&rclk=1,38.841696,-77.089219,20642.037603164783,
Washington Commanders,Commanders Field,Maryland,38.9081365,-76.8665633,Courtyard by Marriott Largo Medical Center Drive,https://www.google.com/maps/place/Courtyard+by+Marriott+Largo+Medical+Center+Drive/data=!4m10!3m9!1s0x89b7c00aee3e91ef:0x2b35af76fc215231!5m2!4m1!1i2!8m2!3d38.9069213!4d-76.8469238!16s%2Fg%2F11bx1_brjg!19sChIJ75E-7grAt4kRMVIh_HavNSs?authuser=0&hl=zh-CN&rclk=1,38.9069213,-76.8469238,1704.7208184885535,
Washington Commanders,Commanders Field,Maryland,38.9081365,-76.8665633,DoubleTree by Hilton Hotel Largo/Washington DC,https://www.google.com/maps/place/DoubleTree+by+Hilton+Hotel+Largo%2FWashington+DC/data=!4m10!3m9!1s0x89b7c00d537c33ad:0xcc0955c8af59d13e!5m2!4m1!1i2!8m2!3d38.9156589!4d-76.8487912!16s%2Fg%2F11bccmkq0d!19sChIJrTN8Uw3At4kRPtFZr8hVCcw?authuser=0&hl=zh-CN&rclk=1,38.9156589,-76.8487912,1750.4616333130573,
Washington Commanders,Commanders Field,Maryland,38.9081365,-76.8665633,Hampton Inn & Suites Glenarden/Washington DC,https://www.google.com/maps/place/Hampton+Inn+%26+Suites+Glenarden%2FWashington+DC/data=!4m10!3m9!1s0x89b7c06c8e54b1c9:0x4890c9e33b402b6c!5m2!4m1!1i2!8m2!3d38.9205816!4d-76.8513577!16s%2Fg%2F11f4wt34ly!19sChIJybFUjmzAt4kRbCtAO-PJkEg?authuser=0&hl=zh-CN&rclk=1,38.9205816,-76.8513577,1909.3798900720894,
Washington Commanders,Commanders Field,Maryland,38.9081365,-76.8665633,I-95国会环城公路拉戈快捷假日酒店,https://www.google.com/maps/place/I-95%E5%9B%BD%E4%BC%9A%E7%8E%AF%E5%9F%8E%E5%85%AC%E8%B7%AF%E6%8B%89%E6%88%88%E5%BF%AB%E6%8D%B7%E5%81%87%E6%97%A5%E9%85%92%E5%BA%97/data=!4m10!3m9!1s0x89b7c00d6623f12b:0x93e94b527f197812!5m2!4m1!1i2!8m2!3d38.9137732!4d-76.8489683!16s%2Fg%2F1tc_9kr8!19sChIJK_EjZg3At4kREngZf1JL6ZM?authuser=0&hl=zh-CN&rclk=1,38.9137732,-76.8489683,1646.3531931217854,
Washington Commanders,Commanders Field,Maryland,38.9081365,-76.8665633,Homewood Suites by Hilton Largo Washington DC,https://www.google.com/maps/place/Homewood+Suites+by+Hilton+Largo+Washington+DC/data=!4m10!3m9!1s0x89b7c1115537fa09:0xd0d91c3fe97fb50d!5m2!4m1!1i2!8m2!3d38.9144427!4d-76.8493481!16s%2Fg%2F11fl78b1wb!19sChIJCfo3VRHBt4kRDbV_6T8c2dA?authuser=0&hl=zh-CN&rclk=1,38.9144427,-76.8493481,1646.3124102066654,
